C.Ofi;Oficina Venta;C.Prev;Preventa;C¢d.Cliente;Nombre Comercial;C¢d.Interno;C¢d.Cad;Cadena;Agrupaci¢n;Tipo Establecimiento;Fecha Alta;Ult.Comp.Helados;Total Medios;Armarios;Conservadoras;Vitrinas;Otros;
2866;LORCA;16;FRANCISCO JOSE ASENSIO ;866016301;CAFETERIA BAR LUCERO;8539;;;Restaurantes;RESTAURANTES (NO INCLUYE CHINO;28/11/2006;06/05/2026;1;0;1;0;0;
2866;LORCA;16;FRANCISCO JOSE ASENSIO ;866015127;CAFETERIA PUERTO REY;5127;;;Bares y Cafeter¡as;BAR Y CAFETERIA;23/01/2007;08/04/2026;1;0;1;0;0;
2866;LORCA;16;FRANCISCO JOSE ASENSIO ;401427583;HOTEL MEXICO;10461;000007529;COPERAMA ASOCIADOS;Hoteles y Hostales;HOTELES Y HOSTALES;04/05/2026;13/05/2026;3;1;2;0;0;
2866;LORCA;16;FRANCISCO JOSE ASENSIO ;401426214;CHIRINGUITO SAMOA SURF;10440;;;Ocio;CHIRINGUITOS DE PLAYA/MERENDER;01/04/2026;07/05/2026;1;0;1;0;0;
2866;LORCA;16;FRANCISCO JOSE ASENSIO ;401420864;BAR LA CURVA;32895;;;Bares y Cafeter¡as;BAR Y CAFETERIA;16/02/2026;12/05/2026;2;1;1;0;0;
2866;LORCA;16;FRANCISCO JOSE ASENSIO ;401417333;FRAGUERO CAFE Y TAPAS;32160;;;Bares y Cafeter¡as;BAR Y CAFETERIA;01/12/2025;05/05/2026;1;0;1;0;0;
2866;LORCA;16;FRANCISCO JOSE ASENSIO ;401414388;TIENDA ALPAS 24 HORAS;10102;;;Conveniencia;TIENDA DE ALIMENTACION ETNICA ;01/10/2025;09/05/2026;1;0;1;0;0;
2866;LORCA;16;FRANCISCO JOSE ASENSIO ;401413887;OBRADOR DULCE LUNA;10100;;;Conveniencia;PASTELERIAS/PANADERIAS/FRUTERI;15/09/2025;13/05/2026;1;0;0;1;0;
2866;LORCA;16;FRANCISCO JOSE ASENSIO ;401410447;AL GAJO;10024;;;Bares y Cafeter¡as;BAR Y CAFETERIA;16/06/2025;16/08/2025;1;0;1;0;0;
2866;LORCA;16;FRANCISCO JOSE ASENSIO ;401408494;CORA CAFE;10020;;;Bares y Cafeter¡as;BAR Y CAFETERIA;01/05/2025;28/03/2026;2;0;1;1;0;
2866;LORCA;97;ALMACEN ALMACEN;866012189;FLOR SURESTE BAR;7731;;;Bares y Cafeter¡as;BAR Y CAFETERIA;01/01/1998;04/05/2026;2;0;2;0;0;
2866;LORCA;72;JOSE MIGUEL  ACACIO;401349494;RESTAURANTE MAR AZUL;32683;;;Restaurantes;RESTAURANTES (NO INCLUYE CHINO;01/03/2023;24/04/2026;2;0;2;0;0;
2866;LORCA;72;JOSE MIGUEL  ACACIO;401348758;PUB TUDELA;32506;;;Bares y Cafeter¡as;BAR Y CAFETERIA;01/02/2023;03/04/2025;1;0;1;0;0;
2866;LORCA;72;JOSE MIGUEL  ACACIO;401348196;ENDULZATE;32501;000017996;ENDULZATE;Conveniencia;PASTELERIAS/PANADERIAS/FRUTERI;01/02/2023;22/04/2026;1;0;1;0;0;
2866;LORCA;72;JOSE MIGUEL  ACACIO;401340726;CAFETERIA TEHEN;32587;;;Bares y Cafeter¡as;BAR Y CAFETERIA;01/10/2022;07/08/2025;2;0;2;0;0;
2866;LORCA;72;JOSE MIGUEL  ACACIO;401180622;HELADERIA CAF.MAS Q CAFE@;30887;000019689;LUCA MAS QUE CAFE;Ocio;HELADERIAS/HORCHATERIAS;02/02/2012;12/05/2026;6;0;5;1;0;
2866;LORCA;72;JOSE MIGUEL  ACACIO;401180572;CAFETERIA PUB BAHIA;30152;;;Bares y Cafeter¡as;BAR Y CAFETERIA;17/03/2011;24/04/2026;2;1;1;0;0;
2866;LORCA;72;JOSE MIGUEL  ACACIO;401180561;BAR EMILIO;32477;;;Bares y Cafeter¡as;BAR Y CAFETERIA;17/01/2011;25/08/2025;1;0;1;0;0;
2866;LORCA;72;JOSE MIGUEL  ACACIO;401180517;BURGUER PERRYS 1;30120;;;Bares y Cafeter¡as;HAMBURGUESERIA/KEBAB/FAST FOOD;29/01/2010;22/05/2024;1;0;1;0;0;
2866;LORCA;72;JOSE MIGUEL  ACACIO;401180479;ASADOR DE POLLOS ANA;30095;;;Conveniencia;COMIDA PREPARADA/ASADORES DE P;16/03/2009;30/04/2026;1;0;1;0;0;
2866;LORCA;72;JOSE MIGUEL  ACACIO;401180443;CAFE BAR LOYMAR;30075;000013224;BONSAI-LOYMAR;Bares y Cafeter¡as;BAR Y CAFETERIA;17/01/2008;30/04/2026;1;0;1;0;0;
2866;LORCA;72;JOSE MIGUEL  ACACIO;401180441;CAFE PUB BONSAI;30729;000013224;BONSAI-LOYMAR;Bares y Cafeter¡as;BAR Y CAFETERIA;14/01/2008;13/05/2026;1;0;1;0;0;
2866;LORCA;72;JOSE MIGUEL  ACACIO;401325857;BAR MANOLO;40092;;;Bares y Cafeter¡as;BAR Y CAFETERIA;07/02/2022;08/05/2026;1;0;1;0;0;
2866;LORCA;72;JOSE MIGUEL  ACACIO;401316179;CHIRINGUITO PUERTO;32811;000016516;MUELLE-13;Ocio;CHIRINGUITOS DE PLAYA/MERENDER;23/06/2021;06/05/2026;6;1;4;1;0;
2866;LORCA;72;JOSE MIGUEL  ACACIO;401310970;SUMA PUENTE DEL RIO 65981;39537;B6604;TRANSGOURMET IBER FRANQ;Hogar;SUPERMERCADOS CON 2 O MAS CAJA;29/04/2021;21/08/2025;1;0;1;0;0;
2866;LORCA;72;JOSE MIGUEL  ACACIO;401307790;BAR EL TIMON;32512;000016331;RTE. CLUB NAUTICO;Bares y Cafeter¡as;BAR Y CAFETERIA;15/03/2021;09/05/2026;1;0;1;0;0;
2866;LORCA;72;JOSE MIGUEL  ACACIO;401288633;CAFE HELAD.AIRE DE MAR;31938;;;Bares y Cafeter¡as;BAR Y CAFETERIA;09/03/2020;18/04/2026;2;0;1;1;0;
2866;LORCA;72;JOSE MIGUEL  ACACIO;401265021;E.S.REPSOL ADRA;31951;;;Conveniencia;ESTACIONES DE SERVICIO / GASOL;25/03/2019;17/04/2026;1;0;1;0;0;
2866;LORCA;72;JOSE MIGUEL  ACACIO;401264672;RESTAURANTE ESPIGON;32037;;;Restaurantes;RESTAURANTES (NO INCLUYE CHINO;25/03/2019;13/05/2026;7;1;5;1;0;
2866;LORCA;72;JOSE MIGUEL  ACACIO;401254485;RESTAURANTE EL REENCUENTR;31732;;;Restaurantes;RESTAURANTES (NO INCLUYE CHINO;01/01/2019;11/11/2025;1;0;1;0;0;
2866;LORCA;72;JOSE MIGUEL  ACACIO;401233238;D'BAR;30960;;;Bares y Cafeter¡as;BAR Y CAFETERIA;12/03/2018;30/04/2026;1;1;0;0;0;
2866;LORCA;72;JOSE MIGUEL  ACACIO;401232971;ESTACION DE SERVICIO CEPS;32812;;;Conveniencia;ESTACIONES DE SERVICIO / GASOL;01/03/2018;26/03/2026;1;0;1;0;0;
2866;LORCA;72;JOSE MIGUEL  ACACIO;401206260;MUELLE-13;31159;000016516;MUELLE-13;Restaurantes;RESTAURANTES (NO INCLUYE CHINO;10/05/2017;09/05/2026;4;0;3;1;0;
2866;LORCA;72;JOSE MIGUEL  ACACIO;401203852;CHIRINGUITO PEPE MORENO;32921;000013651;KIOSCO MORENO;Ocio;CHIRINGUITOS DE PLAYA/MERENDER;19/04/2017;12/05/2026;1;0;1;0;0;
2866;LORCA;72;JOSE MIGUEL  ACACIO;401198136;LA TAPERIA;32745;;;Restaurantes;RESTAURANTES (NO INCLUYE CHINO;01/03/2017;01/04/2025;1;0;1;0;0;
2866;LORCA;72;JOSE MIGUEL  ACACIO;401181250;CAFE PUB EIVISSA;30497;;;Bares y Cafeter¡as;BAR Y CAFETERIA;27/04/2016;21/04/2026;3;0;3;0;0;
2866;LORCA;72;JOSE MIGUEL  ACACIO;401181137;BAR JOHANA;30415;;;Bares y Cafeter¡as;BAR Y CAFETERIA;05/10/2015;09/05/2026;2;1;1;0;0;
2866;LORCA;72;JOSE MIGUEL  ACACIO;401180732;TIENDA EL PALOTE;30243;;;Impulso Tradicional;TIENDAS DE CHUCHERIAS/FRUTOS S;09/04/2013;12/05/2026;1;0;1;0;0;
2866;LORCA;72;JOSE MIGUEL  ACACIO;401180729;CAF.HELAD.CAFE DEL MAR@;32058;;;Bares y Cafeter¡as;BAR Y CAFETERIA;07/04/2013;08/05/2026;3;0;2;1;0;
2866;LORCA;72;JOSE MIGUEL  ACACIO;401180725;ESTACION SERV.BP;30238;;;Conveniencia;ESTACIONES DE SERVICIO / GASOL;01/04/2013;07/05/2026;1;0;1;0;0;
2866;LORCA;72;JOSE MIGUEL  ACACIO;401180357;MAIZ TOASTED CHUCHERIAS;30016;;;Impulso Tradicional;TIENDAS DE CHUCHERIAS/FRUTOS S;14/03/2006;07/05/2026;1;0;1;0;0;
2866;LORCA;72;JOSE MIGUEL  ACACIO;401180278;BOGAS LOCUTORIO;30621;;;Impulso Tradicional;LIBRERIAS/PAPELERIAS/VIDEO CLU;13/05/2004;25/04/2026;2;0;2;0;0;
2866;LORCA;72;JOSE MIGUEL  ACACIO;401180271;EL EDEN HOTEL RESTAURANTE;30615;;;Restaurantes;RESTAURANTES (NO INCLUYE CHINO;21/04/2004;13/05/2026;1;0;0;1;0;
2866;LORCA;72;JOSE MIGUEL  ACACIO;401180255;CAPILLERO RESTAURANTE@;30853;000013221;CAPILLERO;Bares y Cafeter¡as;HAMBURGUESERIA/KEBAB/FAST FOOD;02/02/2004;08/05/2026;2;1;1;0;0;
2866;LORCA;72;JOSE MIGUEL  ACACIO;401426818;EL GATO GOLOSO;32918;;;Bares y Cafeter¡as;BAR Y CAFETERIA;23/04/2026;11/05/2026;1;0;1;0;0;
2866;LORCA;72;JOSE MIGUEL  ACACIO;401425866;ESTANCO CARRETERA;30356;;;Varios;VARIOS/OTROS NO CLASIFICABLES;13/04/2026;23/04/2026;1;0;1;0;0;
2866;LORCA;72;JOSE MIGUEL  ACACIO;401422387;BAR 3¦ EDAD LA LOMA DE LA;32606;;;Bares y Cafeter¡as;BAR Y CAFETERIA;01/03/2026;23/04/2026;1;0;1;0;0;
2866;LORCA;72;JOSE MIGUEL  ACACIO;401422044;ESTANCO DALIAS;32482;;;Varios;VARIOS/OTROS NO CLASIFICABLES;02/03/2026;07/05/2026;1;0;1;0;0;
2866;LORCA;72;JOSE MIGUEL  ACACIO;401421938;TIENDA COMESTIBLES;32329;;;Conveniencia;TIENDA DE ALIMENTACION ETNICA ;01/03/2026;07/03/2026;1;0;1;0;0;
2866;LORCA;72;JOSE MIGUEL  ACACIO;401420863;24 HORAS LA ESQUINA;32896;;;Impulso Tradicional;TIENDAS DE CHUCHERIAS/FRUTOS S;16/02/2026;13/05/2026;1;0;1;0;0;
2866;LORCA;72;JOSE MIGUEL  ACACIO;401420861;COMIDAS PARA LLEVAR LAS T;32161;;;Conveniencia;COMIDA PREPARADA/ASADORES DE P;09/02/2026;10/04/2026;1;0;1;0;0;
2866;LORCA;72;JOSE MIGUEL  ACACIO;401417575;TRECE NUDOS;32288;;;Restaurantes;RESTAURANTES (NO INCLUYE CHINO;01/12/2025;29/04/2026;1;1;0;0;0;
2866;LORCA;72;JOSE MIGUEL  ACACIO;401414470;CAFETERIA GASTROBAR DAROK;32138;;;Bares y Cafeter¡as;BAR Y CAFETERIA;01/10/2025;07/05/2026;1;0;1;0;0;
2866;LORCA;72;JOSE MIGUEL  ACACIO;401412463;EUROPIZZA ADRA;32885;;;Bares y Cafeter¡as;BAR Y CAFETERIA;01/07/2025;30/07/2025;1;0;1;0;0;
2866;LORCA;72;JOSE MIGUEL  ACACIO;401410532;24 H MAIKET;32868;;;Impulso Tradicional;TIENDAS DE CHUCHERIAS/FRUTOS S;01/06/2025;12/05/2026;1;0;1;0;0;
2866;LORCA;72;JOSE MIGUEL  ACACIO;401410346;QUE DULCE TENTACION!!;32517;;;Bares y Cafeter¡as;BAR Y CAFETERIA;16/06/2025;24/03/2026;1;0;1;0;0;
2866;LORCA;72;JOSE MIGUEL  ACACIO;401408223;KIOSCO ARENA Y AZUCAR;32858;000019237;CHIRINGUITO LA ORILLA;Impulso Tradicional;KIOSCO FIJO (NO PROPIEDAD NEST;01/05/2025;08/08/2025;2;0;2;0;0;
2866;LORCA;72;JOSE MIGUEL  ACACIO;401407056;CENTRO 3¦ EDAD VICAR;32852;;;Varios;VARIOS/OTROS NO CLASIFICABLES;01/05/2025;20/05/2025;1;0;1;0;0;
2866;LORCA;72;JOSE MIGUEL  ACACIO;401401389;HELADERIA CAF.CHAMBERA;32813;;;Ocio;HELADERIAS/HORCHATERIAS;01/03/2025;13/05/2026;2;0;2;0;0;
2866;LORCA;72;JOSE MIGUEL  ACACIO;401383732;MINIMARKET CAIMAN;31130;;;Conveniencia;TIENDA DE ALIMENTACION ETNICA ;01/04/2024;13/05/2026;1;0;1;0;0;
2866;LORCA;72;JOSE MIGUEL  ACACIO;401380699;CAFE MARIUS;32496;;;Bares y Cafeter¡as;BAR Y CAFETERIA;01/04/2024;11/05/2026;2;0;2;0;0;
2866;LORCA;72;JOSE MIGUEL  ACACIO;401380050;CLUB PADEL INDROV;32487;;;Varios;VARIOS/OTROS NO CLASIFICABLES;01/03/2024;12/05/2026;1;0;1;0;0;
2866;LORCA;72;JOSE MIGUEL  ACACIO;401363405;MESON LA BRASA;32316;;;Restaurantes;RESTAURANTES (NO INCLUYE CHINO;01/07/2023;06/05/2026;1;0;1;0;0;
2866;LORCA;72;JOSE MIGUEL  ACACIO;401354143;COVIRAN DALIAS;32568;;;Hogar;SUPERMERCADOS CON 2 O MAS CAJA;01/04/2023;07/05/2026;1;0;1;0;0;
2866;LORCA;72;JOSE MIGUEL  ACACIO;401349496;LA PECERA;32513;;;Bares y Cafeter¡as;BAR Y CAFETERIA;01/03/2023;09/05/2026;1;0;1;0;0;
2866;LORCA;35;RAUL MARTINEZ ;401405498;ECOSUR;9350;;;Conveniencia;TIENDA DE ALIMENTACION ETNICA ;01/04/2025;18/06/2025;1;0;1;0;0;
2866;LORCA;35;RAUL MARTINEZ ;401402836;HELADERIA ANYAN;9655;;;Ocio;HELADERIAS/HORCHATERIAS;01/03/2025;08/05/2026;1;0;1;0;0;
2866;LORCA;35;RAUL MARTINEZ ;401402625;PASTELERIA LA PEQUE¥ICA;7515;;;Conveniencia;PASTELERIAS/PANADERIAS/FRUTERI;01/03/2025;08/05/2026;2;0;1;1;0;
2866;LORCA;35;RAUL MARTINEZ ;401402278;ALIMENTACION 24 HORAS;9652;000019173;ALIMENTACION SU;Varios;VARIOS/OTROS NO CLASIFICABLES;01/03/2025;13/05/2026;1;0;1;0;0;
2866;LORCA;35;RAUL MARTINEZ ;401294267;CHIRINGUITO EL RECREO;9324;;;Ocio;CHIRINGUITOS DE PLAYA/MERENDER;15/06/2020;18/09/2025;1;0;1;0;0;
2866;LORCA;35;RAUL MARTINEZ ;401274874;BAR GALERA;9586;;;Bares y Cafeter¡as;BAR Y CAFETERIA;24/06/2019;14/04/2026;2;0;2;0;0;
2866;LORCA;35;RAUL MARTINEZ ;401272610;APARCAMIENTO DE PULPI;8406;;;Varios;VARIOS/OTROS NO CLASIFICABLES;01/06/2019;13/05/2026;1;0;1;0;0;
2866;LORCA;35;RAUL MARTINEZ ;401269890;E.S.REDOIL LA MORENA;8245;;;Bares y Cafeter¡as;BAR Y CAFETERIA;01/05/2019;04/02/2026;1;0;1;0;0;
2866;LORCA;35;RAUL MARTINEZ ;401231118;SALONES MARIA;1370;;;Restaurantes;RESTAURANTES (NO INCLUYE CHINO;13/02/2018;08/05/2026;1;0;1;0;0;
2866;LORCA;35;RAUL MARTINEZ ;401201757;ALIMENTACION SU;9249;000019173;ALIMENTACION SU;Conveniencia;TIENDA DE ALIMENTACION ETNICA ;03/04/2017;13/05/2026;1;0;1;0;0;
2866;LORCA;35;RAUL MARTINEZ ;401197485;CAFETERIA ALAMEDA;4327;;;Bares y Cafeter¡as;BAR Y CAFETERIA;20/02/2017;08/05/2026;5;0;4;1;0;
2866;LORCA;35;RAUL MARTINEZ ;401402015;BAR COLON;9649;;;Bares y Cafeter¡as;BAR Y CAFETERIA;01/03/2025;03/09/2025;1;0;1;0;0;
2866;LORCA;35;RAUL MARTINEZ ;401401863;BAR LA PAMPA;8080;;;Bares y Cafeter¡as;BAR Y CAFETERIA;01/03/2025;12/05/2026;3;0;2;1;0;
2866;LORCA;35;RAUL MARTINEZ ;401399249;BUENA AVENTURA;9621;;;Bares y Cafeter¡as;BAR Y CAFETERIA;01/01/2025;10/07/2025;2;0;2;0;0;
2866;LORCA;35;RAUL MARTINEZ ;401394765;MARLOMN;9043;000018746;GORBEIA BUSSINES;Bares y Cafeter¡as;BAR Y CAFETERIA;01/12/2024;13/05/2026;2;0;1;1;0;
2866;LORCA;35;RAUL MARTINEZ ;401383716;DON MARKET;8591;B7050;CARO RUIZ S.A. PROPIOS;Hogar;SUPERMERCADOS CON 2 O MAS CAJA;01/04/2024;22/07/2025;1;0;1;0;0;
2866;LORCA;35;RAUL MARTINEZ ;401383708;BOSTON BAR;8589;;;Bares y Cafeter¡as;BAR Y CAFETERIA;01/04/2024;07/05/2026;1;0;1;0;0;
2866;LORCA;35;RAUL MARTINEZ ;401376403;E.S. BP ALBOX;5847;;;Conveniencia;ESTACIONES DE SERVICIO / GASOL;01/02/2024;07/05/2026;1;1;0;0;0;
2866;LORCA;35;RAUL MARTINEZ ;401374337;GOLOSINAS ANA;8526;;;Impulso Tradicional;TIENDAS DE CHUCHERIAS/FRUTOS S;08/01/2024;19/02/2026;1;0;1;0;0;
2866;LORCA;35;RAUL MARTINEZ ;401360818;CAFE HELADERIA VALDANI;9148;;;Bares y Cafeter¡as;BAR Y CAFETERIA;01/06/2023;23/04/2026;3;0;3;0;0;
2866;LORCA;35;RAUL MARTINEZ ;401353999;KIOSCO LA CA¥A;9119;;;Impulso Tradicional;KIOSCO FIJO (NO PROPIEDAD NEST;01/04/2023;21/05/2025;1;0;1;0;0;
2866;LORCA;35;RAUL MARTINEZ ;401352229;BAR OKEY;8212;;;Bares y Cafeter¡as;BAR Y CAFETERIA;01/03/2023;30/04/2026;1;0;1;0;0;
2866;LORCA;35;RAUL MARTINEZ ;401352193;HELADERIA PATAPALO;8236;;;Ocio;HELADERIAS/HORCHATERIAS;01/03/2023;12/05/2026;1;0;1;0;0;
2866;LORCA;35;RAUL MARTINEZ ;401350321;HELADERIA SAN MIGUEL;8337;000017515;CHIRINGUITO MAR  RABIOSA;Ocio;HELADERIAS/HORCHATERIAS;01/03/2023;13/05/2026;5;0;4;1;0;
2866;LORCA;35;RAUL MARTINEZ ;401335418;MESON LA RIVERA;8237;;;Restaurantes;RESTAURANTES (NO INCLUYE CHINO;01/06/2022;10/09/2025;4;0;4;0;0;
2866;LORCA;35;RAUL MARTINEZ ;401333579;CAFFE & DRINK GORBEIA;8403;000018746;GORBEIA BUSSINES;Bares y Cafeter¡as;BAR Y CAFETERIA;01/05/2022;13/05/2026;1;0;0;1;0;
2866;LORCA;35;RAUL MARTINEZ ;401331669;15456 E.S.VIRGEN D CABEZA;8942;;;Conveniencia;ESTACIONES DE SERVICIO / GASOL;01/05/2022;24/04/2026;1;0;1;0;0;
2866;LORCA;35;RAUL MARTINEZ ;401327317;EL PUCHERO;8843;;;Bares y Cafeter¡as;BAR Y CAFETERIA;01/03/2022;29/04/2026;1;0;1;0;0;
2866;LORCA;35;RAUL MARTINEZ ;401309250;CAFETERIA CARPEDIEM;10317;;;Bares y Cafeter¡as;BAR Y CAFETERIA;12/04/2021;13/05/2026;1;0;1;0;0;
2866;LORCA;35;RAUL MARTINEZ ;401173397;ELEPHANT CAFE;7944;;;Bares y Cafeter¡as;BAR Y CAFETERIA;13/06/2016;06/10/2022;1;0;1;0;0;
2866;LORCA;35;RAUL MARTINEZ ;401166939;E.S. EL ARTINERO;7723;;;Conveniencia;ESTACIONES DE SERVICIO / GASOL;27/04/2016;15/04/2026;1;0;1;0;0;
2866;LORCA;35;RAUL MARTINEZ ;401125770;HIPER CHINA;7417;;;Conveniencia;TIENDA DE ALIMENTACION ETNICA ;23/04/2015;17/03/2026;1;0;1;0;0;
2866;LORCA;35;RAUL MARTINEZ ;401001553;PANDERIA PEREZ;1575;000006866;PANAD.PASTELERIA PEREZ;Conveniencia;PASTELERIAS/PANADERIAS/FRUTERI;30/05/2012;29/04/2026;1;0;1;0;0;
2866;LORCA;35;RAUL MARTINEZ ;400950485;BAR ANA;7991;;;Bares y Cafeter¡as;BAR Y CAFETERIA;15/02/2011;08/08/2025;1;0;1;0;0;
2866;LORCA;35;RAUL MARTINEZ ;866025087;A-350 SERVICIOS, S.L.;4592;;;Conveniencia;ESTACIONES DE SERVICIO / GASOL;26/07/2006;13/05/2026;1;0;1;0;0;
2866;LORCA;35;RAUL MARTINEZ ;866015635;PANADERIA 4 ESTACIONES;5635;;;Conveniencia;PASTELERIAS/PANADERIAS/FRUTERI;16/03/2005;29/04/2026;1;0;1;0;0;
2866;LORCA;35;RAUL MARTINEZ ;866015099;HOGAR 3¦ EDAD MARIA;8525;;;Bares y Cafeter¡as;BAR Y CAFETERIA;03/07/2002;29/08/2025;2;0;2;0;0;
2866;LORCA;35;RAUL MARTINEZ ;866015086;KIOSCO BAKERIN;8778;000017850;CAMPING SIERRA DE MARIA;Bares y Cafeter¡as;BAR Y CAFETERIA;23/05/2006;25/07/2025;1;0;1;0;0;
2866;LORCA;35;RAUL MARTINEZ ;866015039;EST.SERVCIO VTA LA PETRA;9337;;;Conveniencia;ESTACIONES DE SERVICIO / GASOL;25/05/2004;10/04/2026;3;1;2;0;0;
2866;LORCA;35;RAUL MARTINEZ ;866015036;LA PIZZA CAMPING;5036;;;Ocio;CHIRINGUITOS DE PLAYA/MERENDER;28/02/1998;08/05/2026;5;0;5;0;0;
2866;LORCA;35;RAUL MARTINEZ ;866014217;GASOLINERA EL LIMITE;6771;000010351;ANDAMUR;Conveniencia;ESTACIONES DE SERVICIO / GASOL;01/01/1998;06/05/2026;1;0;1;0;0;
2866;LORCA;35;RAUL MARTINEZ ;866012914;PINAR LA DE  ALFAHUARA;7480;000017850;CAMPING SIERRA DE MARIA;Ocio;CAMPING/PISCINAS/POLIDEPORTIVO;25/06/2003;31/03/2026;3;1;2;0;0;
2866;LORCA;35;RAUL MARTINEZ ;866012626;LA STAZIONE PIZZERIA;2626;;;Restaurantes;RESTAURANTES (NO INCLUYE CHINO;02/12/1998;08/05/2026;1;1;0;0;0;
2866;LORCA;35;RAUL MARTINEZ ;866012215;EL BOCADILLON;5404;;;Restaurantes;RESTAURANTES (NO INCLUYE CHINO;01/01/1998;01/05/2026;3;0;3;0;0;
2866;LORCA;35;RAUL MARTINEZ ;866012013;BAR EL BARRIO;8244;;;Bares y Cafeter¡as;BAR Y CAFETERIA;12/09/2001;06/05/2026;1;0;1;0;0;
2866;LORCA;35;RAUL MARTINEZ ;866011180;EL ESPADIN, MEREND.;8920;;;Restaurantes;RESTAURANTES (NO INCLUYE CHINO;01/01/1998;08/05/2026;2;0;2;0;0;
2866;LORCA;35;RAUL MARTINEZ ;866011021;EL LIMITE RESTAURANTE;1021;;;Restaurantes;RESTAURANTES (NO INCLUYE CHINO;30/01/2001;06/05/2026;3;1;2;0;0;
2866;LORCA;35;RAUL MARTINEZ ;866010968;PIZZERIA;968;8660136;PAREDES QUI¥ONERO;Restaurantes;RESTAURANTES (NO INCLUYE CHINO;01/01/1998;08/05/2026;1;1;0;0;0;
2866;LORCA;35;RAUL MARTINEZ ;401425294;FRUTERIA ATALAYA;10426;;;Varios;VARIOS/OTROS NO CLASIFICABLES;08/04/2026;12/05/2026;1;0;1;0;0;
2866;LORCA;35;RAUL MARTINEZ ;401424044;RESTAURANTE MORALES;39128;;;Restaurantes;RESTAURANTES (NO INCLUYE CHINO;25/03/2026;28/03/2026;1;0;1;0;0;
2866;LORCA;35;RAUL MARTINEZ ;401423195;ATALAYA CLUB TENIS;10405;;;Bares y Cafeter¡as;BAR Y CAFETERIA;17/03/2026;07/05/2026;1;0;1;0;0;
2866;LORCA;35;RAUL MARTINEZ ;401422870;EL BODEGON;30462;;;Bares y Cafeter¡as;BAR Y CAFETERIA;01/03/2026;25/03/2026;2;1;1;0;0;
2866;LORCA;35;RAUL MARTINEZ ;401422788;BAR LA 3" EDAD LA ISLETA;32900;;;Bares y Cafeter¡as;BAR Y CAFETERIA;09/03/2026;05/05/2026;3;1;2;0;0;
2866;LORCA;35;RAUL MARTINEZ ;401419241;MAGANI CAFE;10328;;;Bares y Cafeter¡as;BAR Y CAFETERIA;01/01/2026;30/04/2026;2;0;2;0;0;
2866;LORCA;35;RAUL MARTINEZ ;401413316;RESTAURANTE LA MORENA;10045;;;Restaurantes;RESTAURANTES (NO INCLUYE CHINO;01/08/2025;06/05/2026;1;0;1;0;0;
2866;LORCA;35;RAUL MARTINEZ ;401405531;CAFE BAR ESTACION AUTOBUS;9661;;;Bares y Cafeter¡as;BAR Y CAFETERIA;01/04/2025;06/05/2026;2;0;2;0;0;
2866;LORCA;15;ALFONSO SALAS;401423926;RESTAURANTE CASA MARIA;4179;;;Restaurantes;RESTAURANTES (NO INCLUYE CHINO;23/03/2026;12/05/2026;1;0;1;0;0;
2866;LORCA;15;ALFONSO SALAS;401421941;CONFITERIA TEYO;10389;;;Conveniencia;PASTELERIAS/PANADERIAS/FRUTERI;01/03/2026;15/04/2026;1;1;0;0;0;
2866;LORCA;15;ALFONSO SALAS;401421844;RODIPARK;10378;;;Bares y Cafeter¡as;BAR Y CAFETERIA;01/03/2026;12/05/2026;1;0;1;0;0;
2866;LORCA;15;ALFONSO SALAS;401421740;500 MILLAS;10385;;;Bares y Cafeter¡as;BAR Y CAFETERIA;02/03/2026;13/05/2026;5;0;3;2;0;
2866;LORCA;15;ALFONSO SALAS;401420487;LA DESPENSA DE TANI;10144;;;Bares y Cafeter¡as;BAR Y CAFETERIA;01/02/2026;28/04/2026;1;1;0;0;0;
2866;LORCA;15;ALFONSO SALAS;401414013;ARREA;10138;;;Bares y Cafeter¡as;BAR Y CAFETERIA;22/09/2025;;1;0;1;0;0;
2866;LORCA;81;ANDRES MARIA CRUZ;401341055;KIOSCO PUERTO ROQUETAS;32468;;;Impulso Tradicional;KIOSCO FIJO (NO PROPIEDAD NEST;01/11/2022;23/08/2025;3;0;2;1;0;
2866;LORCA;81;ANDRES MARIA CRUZ;401336083;ATOS MOGIMA;32123;;;Hoteles y Hostales;HOTELES Y HOSTALES;01/06/2022;20/08/2025;2;0;2;0;0;
2866;LORCA;81;ANDRES MARIA CRUZ;401332448;CAFETERIA CERO CAFE;30336;;;Bares y Cafeter¡as;BAR Y CAFETERIA;01/05/2022;20/08/2025;1;0;0;1;0;
2866;LORCA;81;ANDRES MARIA CRUZ;401331048;TIENDA LA FABRIQUILLA ALI;30920;;;Conveniencia;TIENDA DE ALIMENTACION ETNICA ;01/04/2022;06/05/2026;1;0;1;0;0;
2866;LORCA;81;ANDRES MARIA CRUZ;401180445;PIZZERIA LA DORADA;32677;;;Restaurantes;RESTAURANTES (NO INCLUYE CHINO;12/02/2008;12/05/2026;1;0;1;0;0;
2866;LORCA;81;ANDRES MARIA CRUZ;401180433;HOTEL PLAYA AZUL;30069;B6505;GRUPO HOTELES PLAYA, S.L.;Hoteles y Hostales;HOTELES Y HOSTALES;25/05/2007;05/09/2025;7;1;6;0;0;
2866;LORCA;81;ANDRES MARIA CRUZ;401180429;HOTEL PLAYA LINDA;30067;B6505;GRUPO HOTELES PLAYA, S.L.;Hoteles y Hostales;HOTELES Y HOSTALES;10/05/2007;12/09/2025;3;0;3;0;0;
2866;LORCA;81;ANDRES MARIA CRUZ;401180427;HOTEL PLAYA TROPICAL;30065;B6505;GRUPO HOTELES PLAYA, S.L.;Hoteles y Hostales;HOTELES Y HOSTALES;10/05/2007;13/09/2025;12;4;8;0;0;
2866;LORCA;81;ANDRES MARIA CRUZ;401180425;HOTEL PLAYA CAPRICHO;30063;B6505;GRUPO HOTELES PLAYA, S.L.;Hoteles y Hostales;HOTELES Y HOSTALES;08/05/2007;13/05/2026;12;1;10;1;0;
2866;LORCA;81;ANDRES MARIA CRUZ;401180422;HOTEL PLAYA SOL;30060;B6505;GRUPO HOTELES PLAYA, S.L.;Hoteles y Hostales;HOTELES Y HOSTALES;07/05/2007;12/05/2026;8;1;7;0;0;
2866;LORCA;81;ANDRES MARIA CRUZ;401180420;HOTEL PLAYADULCE;30058;B6505;GRUPO HOTELES PLAYA, S.L.;Hoteles y Hostales;HOTELES Y HOSTALES;03/05/2007;13/05/2026;11;2;9;0;0;
2866;LORCA;81;ANDRES MARIA CRUZ;401180698;HOTEL BAHIA SERENA;30224;000013235;BAHIA SERENA;Hoteles y Hostales;HOTELES Y HOSTALES;06/02/2013;12/05/2026;10;2;7;1;0;
2866;LORCA;81;ANDRES MARIA CRUZ;401180692;HOTEL NEPTUNO;52766;000016804;HOTELES ON GROUP;Hoteles y Hostales;HOTELES Y HOSTALES;02/01/2013;06/05/2026;8;1;6;1;0;
2866;LORCA;81;ANDRES MARIA CRUZ;401180654;KIOSCO ROGELIO;30204;;;Casetas NESTLE;CASETA/KIOSCO NESTLE (PROPIEDA;14/04/2012;20/10/2025;4;0;3;1;0;
2866;LORCA;81;ANDRES MARIA CRUZ;401180626;HELADERIA VENECIA;30187;;;Ocio;HELADERIAS/HORCHATERIAS;25/02/2012;29/04/2026;1;0;1;0;0;
2866;LORCA;81;ANDRES MARIA CRUZ;401180595;CAFETERIA EDM;30168;;;Bares y Cafeter¡as;BAR Y CAFETERIA;23/05/2011;09/07/2025;1;0;1;0;0;
2866;LORCA;81;ANDRES MARIA CRUZ;401180593;CHIRINGUITO OASIS;31983;;;Ocio;CHIRINGUITOS DE PLAYA/MERENDER;18/05/2011;05/05/2026;2;0;2;0;0;
2866;LORCA;81;ANDRES MARIA CRUZ;401180591;CAFT. PLAZA 5;30164;000014319;PLAZA 5/BUENOS AIRES;Bares y Cafeter¡as;BAR Y CAFETERIA;09/05/2011;04/03/2026;1;0;1;0;0;
2866;LORCA;81;ANDRES MARIA CRUZ;401180577;CAFETERIA EL JAZMIN;30758;;;Bares y Cafeter¡as;BAR Y CAFETERIA;05/04/2011;23/07/2025;2;0;2;0;0;
2866;LORCA;81;ANDRES MARIA CRUZ;401180551;HELADERIA SCOTIA;30139;000013223;SCOTIA;Ocio;HELADERIAS/HORCHATERIAS;28/06/2010;12/05/2026;4;0;1;3;0;
2866;LORCA;81;ANDRES MARIA CRUZ;401180543;PIZZERIA CARMEN;30133;;;Bares y Cafeter¡as;HAMBURGUESERIA/KEBAB/FAST FOOD;05/05/2010;18/04/2013;1;0;1;0;0;
2866;LORCA;81;ANDRES MARIA CRUZ;401180512;REST. CLAUDIO;30116;;;Restaurantes;RESTAURANTES (NO INCLUYE CHINO;09/11/2009;06/05/2026;4;1;3;0;0;
2866;LORCA;81;ANDRES MARIA CRUZ;401180505;CAFE BAR ALMAZARA;32232;;;Bares y Cafeter¡as;BAR Y CAFETERIA;06/07/2009;13/05/2026;2;0;2;0;0;
2866;LORCA;81;ANDRES MARIA CRUZ;401180498;BAR MOLINERO;30110;;;Bares y Cafeter¡as;BAR Y CAFETERIA;18/05/2009;07/05/2026;1;0;1;0;0;
2866;LORCA;81;ANDRES MARIA CRUZ;401180497;LA TAZA EMBRUJADA;32551;000012883;NUEVO RODILLA;Bares y Cafeter¡as;BAR Y CAFETERIA;12/05/2009;08/05/2026;1;1;0;0;0;
2866;LORCA;81;ANDRES MARIA CRUZ;401180489;PAPES BAR CAFETERIA;30103;;;Bares y Cafeter¡as;BAR Y CAFETERIA;27/03/2009;13/05/2026;4;1;2;1;0;
2866;LORCA;81;ANDRES MARIA CRUZ;401180459;CAFE BAR MAREA;30083;;;Conveniencia;PASTELERIAS/PANADERIAS/FRUTERI;12/05/2008;08/05/2026;1;0;1;0;0;
2866;LORCA;81;ANDRES MARIA CRUZ;401180457;TIENDA LAS CHUCHES III;30081;000013225;LAS CHUCHES;Impulso Tradicional;TIENDAS DE CHUCHERIAS/FRUTOS S;23/04/2008;06/05/2026;2;0;2;0;0;
2866;LORCA;81;ANDRES MARIA CRUZ;401180454;CAFE BUENOS AIRES;30080;000014319;PLAZA 5/BUENOS AIRES;Bares y Cafeter¡as;BAR Y CAFETERIA;11/04/2008;22/04/2026;1;0;1;0;0;
2866;LORCA;81;ANDRES MARIA CRUZ;401326046;CHIRINGUITO CERVE KORAL;40119;;;Ocio;CHIRINGUITOS DE PLAYA/MERENDER;01/02/2022;06/05/2026;2;1;1;0;0;
2866;LORCA;81;ANDRES MARIA CRUZ;401321378;24 HORAS KOKI;32279;000018691;24 HORAS KOKI;Bares y Cafeter¡as;BAR Y CAFETERIA;01/11/2021;12/05/2026;2;0;2;0;0;
2866;LORCA;81;ANDRES MARIA CRUZ;401308773;BAR PASEO DEL GOLF;32110;;;Bares y Cafeter¡as;BAR Y CAFETERIA;05/04/2021;12/05/2026;1;0;1;0;0;
2866;LORCA;81;ANDRES MARIA CRUZ;401305727;SUPERMERCADO  AGUADULCE;32754;000016275;HOTEL MOON;Hogar;SUPERMERCADOS CON 2 O MAS CAJA;22/02/2021;06/05/2026;2;0;2;0;0;
2866;LORCA;81;ANDRES MARIA CRUZ;401296683;CAFE BAR LA PERGOLA;32859;;;Bares y Cafeter¡as;BAR Y CAFETERIA;13/07/2020;07/05/2026;1;0;1;0;0;
2866;LORCA;81;ANDRES MARIA CRUZ;401293389;MARICASTA¥A AGUADULCE;32117;000015856;QUINTO PINO;Restaurantes;RESTAURANTES (NO INCLUYE CHINO;08/06/2020;09/05/2026;1;0;1;0;0;
2866;LORCA;81;ANDRES MARIA CRUZ;401287794;EL SOL DE AGUADULCE;31931;;;Bares y Cafeter¡as;BAR Y CAFETERIA;24/02/2020;13/05/2026;1;0;1;0;0;
2866;LORCA;81;ANDRES MARIA CRUZ;401283891;30 GRADOS MEDITERRANEO CA;35054;;;Bares y Cafeter¡as;BAR Y CAFETERIA;18/12/2019;10/06/2022;1;0;1;0;0;
2866;LORCA;81;ANDRES MARIA CRUZ;401281500;CAFETERIA MALIBU;31897;;;Bares y Cafeter¡as;BAR Y CAFETERIA;11/12/2019;12/05/2026;6;1;4;1;0;
2866;LORCA;81;ANDRES MARIA CRUZ;401279855;BOCAQUETERIA FLASH;32128;;;Bares y Cafeter¡as;BAR Y CAFETERIA;01/10/2019;08/05/2026;1;1;0;0;0;
2866;LORCA;81;ANDRES MARIA CRUZ;401278072;BAR LA 3¦ EDAD;32740;;;Bares y Cafeter¡as;BAR Y CAFETERIA;02/09/2019;09/04/2026;1;0;1;0;0;
2866;LORCA;81;ANDRES MARIA CRUZ;401274849;MIAPOLO BAR;31845;;;Bares y Cafeter¡as;BAR Y CAFETERIA;24/06/2019;07/05/2026;2;0;2;0;0;
2866;LORCA;81;ANDRES MARIA CRUZ;401271582;PUB LA TORRE;32270;;;Bares y Cafeter¡as;BAR Y CAFETERIA;20/05/2019;09/04/2026;1;0;1;0;0;
2866;LORCA;81;ANDRES MARIA CRUZ;401268842;CAFETERIA LA SALINAS;31128;;;Bares y Cafeter¡as;BAR Y CAFETERIA;01/05/2019;05/05/2026;1;0;1;0;0;
2866;LORCA;81;ANDRES MARIA CRUZ;401266544;CRCA VILLA AFRICA, S.L.;31889;;;Ocio;CHIRINGUITOS DE PLAYA/MERENDER;08/04/2019;13/05/2026;2;0;2;0;0;
2866;LORCA;81;ANDRES MARIA CRUZ;401261936;CAFE BAR ANTOJO;32013;;;Bares y Cafeter¡as;BAR Y CAFETERIA;26/02/2019;06/05/2026;1;0;1;0;0;
2866;LORCA;81;ANDRES MARIA CRUZ;401261441;KIOSCO CASTO;31808;;;Impulso Tradicional;KIOSCO FIJO (NO PROPIEDAD NEST;20/02/2019;29/04/2026;1;0;1;0;0;
2866;LORCA;81;ANDRES MARIA CRUZ;401254674;BAR VISTA ALEGRE;31163;;;Bares y Cafeter¡as;BAR Y CAFETERIA;01/01/2019;23/04/2026;1;0;1;0;0;
2866;LORCA;81;ANDRES MARIA CRUZ;401239112;RESTAURANTE MIRAMAR;31024;;;Restaurantes;RESTAURANTES (NO INCLUYE CHINO;09/05/2018;11/05/2026;5;2;2;1;0;
2866;LORCA;81;ANDRES MARIA CRUZ;401237545;PANADERIA DEL SUR;32521;;;Conveniencia;PASTELERIAS/PANADERIAS/FRUTERI;24/04/2018;25/03/2026;1;0;1;0;0;
2866;LORCA;81;ANDRES MARIA CRUZ;401231920;CAFETERIA LEPANTO;30273;;;Bares y Cafeter¡as;BAR Y CAFETERIA;24/02/2018;16/07/2025;2;0;1;1;0;
2866;LORCA;81;ANDRES MARIA CRUZ;401231123;POR UN BESO;30900;000014321;POR UN BESO;Bares y Cafeter¡as;BAR Y CAFETERIA;13/02/2018;20/08/2025;1;0;1;0;0;
2866;LORCA;81;ANDRES MARIA CRUZ;401230436;CHIRINGUITO LA BARRACA;30603;;;Ocio;CHIRINGUITOS DE PLAYA/MERENDER;01/02/2018;11/05/2026;3;1;2;0;0;
2866;LORCA;81;ANDRES MARIA CRUZ;401226296;CAFETERIA LOS ESTUDIANTES;32749;;;Bares y Cafeter¡as;BAR Y CAFETERIA;01/01/2018;12/09/2025;1;0;1;0;0;
2866;LORCA;81;ANDRES MARIA CRUZ;401210141;ACUARION ROQUETAS;30822;B6505;GRUPO HOTELES PLAYA, S.L.;Bares y Cafeter¡as;BAR Y CAFETERIA;01/06/2017;27/08/2025;2;0;2;0;0;
2866;LORCA;81;ANDRES MARIA CRUZ;401198471;E.S. ESCUDERO;30715;;;Conveniencia;ESTACIONES DE SERVICIO / GASOL;06/03/2017;07/05/2026;1;0;1;0;0;
2866;LORCA;81;ANDRES MARIA CRUZ;401181288;RETS.JAIME;32305;;;Restaurantes;RESTAURANTES (NO INCLUYE CHINO;13/06/2016;13/05/2026;2;0;2;0;0;
2866;LORCA;81;ANDRES MARIA CRUZ;401181220;DULCE Y SALADO Y MAS;32636;;;Bares y Cafeter¡as;BAR Y CAFETERIA;14/04/2016;26/03/2026;1;0;1;0;0;
2866;LORCA;81;ANDRES MARIA CRUZ;401181101;CAFETERIA LA BOHEMIA;30401;;;Bares y Cafeter¡as;BAR Y CAFETERIA;18/06/2015;24/04/2026;1;0;1;0;0;
2866;LORCA;81;ANDRES MARIA CRUZ;401180952;TIENDA 24-HORAS AGUADULCE;30337;;;Conveniencia;TIENDA DE ALIMENTACION ETNICA ;12/01/2015;13/05/2026;2;0;2;0;0;
2866;LORCA;81;ANDRES MARIA CRUZ;401180875;TABERNA MIS VIEJOS;30311;;;Bares y Cafeter¡as;BAR Y CAFETERIA;21/05/2014;06/05/2026;1;1;0;0;0;
2866;LORCA;81;ANDRES MARIA CRUZ;401180854;CARNICERIA Y FRUTERIA;32299;;;Conveniencia;TIENDA DE ALIMENTACION ETNICA ;29/04/2014;01/04/2026;1;0;1;0;0;
2866;LORCA;81;ANDRES MARIA CRUZ;401180816;RESTAURANTE ALCAZABA;30283;;;Restaurantes;RESTAURANTES (NO INCLUYE CHINO;20/03/2014;08/05/2026;3;1;2;0;0;
2866;LORCA;81;ANDRES MARIA CRUZ;401180815;RTE.BAR ALKANZIYA;31778;;;Restaurantes;RESTAURANTES (NO INCLUYE CHINO;20/03/2014;13/05/2026;2;1;1;0;0;
2866;LORCA;81;ANDRES MARIA CRUZ;401180748;MOJITO PLAYA;31875;000013274;MOJITO PLAYA;Bares y Cafeter¡as;BAR Y CAFETERIA;21/05/2013;08/04/2026;3;0;3;0;0;
2866;LORCA;81;ANDRES MARIA CRUZ;401180746;KIOSCO -501;30251;;;Impulso Tradicional;KIOSCO FIJO (NO PROPIEDAD NEST;09/05/2013;29/08/2025;1;0;1;0;0;
2866;LORCA;81;ANDRES MARIA CRUZ;401180720;HOTEL ARENAS CENTER;50235;;;Hoteles y Hostales;HOTELES Y HOSTALES;19/03/2013;06/05/2026;14;1;13;0;0;
2866;LORCA;81;ANDRES MARIA CRUZ;401180708;CHIRINGUITO EL ANCLA@;30228;;;Ocio;CHIRINGUITOS DE PLAYA/MERENDER;21/02/2013;28/04/2026;1;0;1;0;0;
2866;LORCA;81;ANDRES MARIA CRUZ;401180701;TIENDA PASEO LOS BA¥OS;31825;;;Conveniencia;TIENDA DE ALIMENTACION ETNICA ;11/02/2013;12/05/2026;1;0;1;0;0;
2866;LORCA;81;ANDRES MARIA CRUZ;401180417;CAFETERIA SCOTIA;32461;000013223;SCOTIA;Bares y Cafeter¡as;BAR Y CAFETERIA;02/05/2007;24/03/2026;2;0;1;1;0;
2866;LORCA;81;ANDRES MARIA CRUZ;401180414;E. S. SAN ISIDRO 12567 U;30052;000000282;CAMPSA-REPS-PETRON-ABANDE;Conveniencia;ESTACIONES DE SERVICIO / GASOL;17/04/2007;10/02/2026;1;0;1;0;0;
2866;LORCA;81;ANDRES MARIA CRUZ;401180406;EST. DE SERVICIO B.P.;30046;000004425;BP OIL ESPA¥A S.A.U.;Conveniencia;ESTACIONES DE SERVICIO / GASOL;30/03/2007;13/05/2026;1;0;1;0;0;
2866;LORCA;81;ANDRES MARIA CRUZ;401180400;TIENDA DE LAS CHUCHES;30041;000013225;LAS CHUCHES;Impulso Tradicional;TIENDAS DE CHUCHERIAS/FRUTOS S;21/03/2007;12/05/2026;3;0;3;0;0;
2866;LORCA;81;ANDRES MARIA CRUZ;401180392;CHIRINGUITO NIDO@;30034;;;Ocio;CHIRINGUITOS DE PLAYA/MERENDER;27/02/2007;09/05/2026;3;2;1;0;0;
2866;LORCA;81;ANDRES MARIA CRUZ;401180386;EL CORTIJO RESTAURANTE;32272;;;Restaurantes;RESTAURANTES (NO INCLUYE CHINO;04/10/2006;05/05/2026;1;1;0;0;0;
2866;LORCA;81;ANDRES MARIA CRUZ;401180369;RESTAURANTE ALPUJARRA;31975;;;Restaurantes;RESTAURANTES (NO INCLUYE CHINO;30/03/2006;07/04/2026;2;0;2;0;0;
2866;LORCA;81;ANDRES MARIA CRUZ;401180365;ZORAIDA GARDEN GRANELES;30019;000013242;HOTELES ZORAIDA S.A.;Hoteles y Hostales;HOTELES Y HOSTALES;24/03/2006;30/09/2025;1;0;0;1;0;
2866;LORCA;81;ANDRES MARIA CRUZ;401180354;RESTAURANTE EL PIRATA;30014;;;Restaurantes;RESTAURANTES (NO INCLUYE CHINO;08/03/2006;30/04/2026;2;0;2;0;0;
2866;LORCA;81;ANDRES MARIA CRUZ;401180346;CAFETERIA HELADERIA COTO;30007;;;Bares y Cafeter¡as;BAR Y CAFETERIA;30/01/2006;09/05/2026;2;0;0;2;0;
2866;LORCA;81;ANDRES MARIA CRUZ;401180310;MIRADOR DE POLARDA;30651;;;Restaurantes;RESTAURANTES (NO INCLUYE CHINO;18/01/2002;05/03/2026;2;0;2;0;0;
2866;LORCA;81;ANDRES MARIA CRUZ;401180303;EL TIBURON ALEGRE CHIRING;32905;;;Ocio;CHIRINGUITOS DE PLAYA/MERENDER;20/06/2005;09/05/2026;2;0;2;0;0;
2866;LORCA;81;ANDRES MARIA CRUZ;401180294;KIOSKO DON ANGEL@;31168;000013233;DON ANGEL-PORTOMAGNO;Casetas NESTLE;CASETA/KIOSCO NESTLE (PROPIEDA;20/06/2002;12/05/2026;4;0;3;1;0;
2866;LORCA;81;ANDRES MARIA CRUZ;401180289;BURGUER J.M. II;30632;;;Conveniencia;PASTELERIAS/PANADERIAS/FRUTERI;10/03/2005;05/05/2026;2;0;2;0;0;
2866;LORCA;81;ANDRES MARIA CRUZ;401180282;TIENDA ENIX;30625;;;Conveniencia;PASTELERIAS/PANADERIAS/FRUTERI;01/07/2002;13/08/2025;1;0;1;0;0;
2866;LORCA;81;ANDRES MARIA CRUZ;401180273;KIOSKO CAMY VILLA AFRICA;30616;;;Casetas NESTLE;CASETA/KIOSCO NESTLE (PROPIEDA;25/07/1998;09/05/2026;2;0;2;0;0;
2866;LORCA;81;ANDRES MARIA CRUZ;401180269;LOS MARISCOS RESTAURANTE;31039;000017698;CENTRAL PARK CAFE;Restaurantes;RESTAURANTES (NO INCLUYE CHINO;13/04/2004;13/05/2026;1;0;1;0;0;
2866;LORCA;81;ANDRES MARIA CRUZ;401180266;MIGUEL BAR;30610;;;Bares y Cafeter¡as;BAR Y CAFETERIA;31/03/2004;07/05/2026;2;0;2;0;0;
2866;LORCA;81;ANDRES MARIA CRUZ;401180246;CAFETERIA HELAD. RAFA;35076;;;Bares y Cafeter¡as;BAR Y CAFETERIA;16/12/2002;05/05/2026;5;1;3;1;0;
2866;LORCA;81;ANDRES MARIA CRUZ;401180231;CAFETERIA LAS 4 Y DIEZ;30584;;;Bares y Cafeter¡as;BAR Y CAFETERIA;15/05/2000;07/05/2026;2;0;2;0;0;
2866;LORCA;81;ANDRES MARIA CRUZ;401180230;HOTEL ZORAIDA PARK;50583;000013242;HOTELES ZORAIDA S.A.;Hoteles y Hostales;HOTELES Y HOSTALES;20/03/2002;21/05/2024;2;0;2;0;0;
2866;LORCA;81;ANDRES MARIA CRUZ;401180229;PASTELERIA;30582;;;Conveniencia;PASTELERIAS/PANADERIAS/FRUTERI;13/06/1998;07/05/2026;2;0;2;0;0;
2866;LORCA;81;ANDRES MARIA CRUZ;401180225;BAR ANTONIO;32507;;;Bares y Cafeter¡as;BAR Y CAFETERIA;01/12/1997;16/10/2025;2;0;2;0;0;
2866;LORCA;81;ANDRES MARIA CRUZ;401180222;ARCADIO BAR;32755;;;Bares y Cafeter¡as;BAR Y CAFETERIA;01/12/1997;07/05/2026;3;0;3;0;0;
2866;LORCA;81;ANDRES MARIA CRUZ;401180213;KIOSCO CAMY(POCICO);30568;000013738;KIOSCO TARTESO;Casetas NESTLE;CASETA/KIOSCO NESTLE (PROPIEDA;01/12/1997;29/04/2026;3;0;3;0;0;
2866;LORCA;81;ANDRES MARIA CRUZ;401180212;PARRITAS RESTAURANTE;32455;;;Restaurantes;RESTAURANTES (NO INCLUYE CHINO;01/12/1997;29/04/2026;2;1;1;0;0;
2866;LORCA;81;ANDRES MARIA CRUZ;401180199;EL CUARTEL BAR;30557;;;Bares y Cafeter¡as;BAR Y CAFETERIA;01/12/1997;20/08/2025;1;0;1;0;0;
2866;LORCA;81;ANDRES MARIA CRUZ;401422961;HELADERIA LUCA;32516;000019689;LUCA MAS QUE CAFE;Ocio;HELADERIAS/HORCHATERIAS;01/03/2026;12/05/2026;1;0;0;1;0;
2866;LORCA;81;ANDRES MARIA CRUZ;401422783;BAR CELE;32653;;;Bares y Cafeter¡as;BAR Y CAFETERIA;09/03/2026;09/05/2026;1;1;0;0;0;
2866;LORCA;81;ANDRES MARIA CRUZ;401422040;CAFETERIA O SOLE MIO;35079;;;Restaurantes;RESTAURANTES (NO INCLUYE CHINO;01/03/2026;13/05/2026;1;0;0;1;0;
2866;LORCA;81;ANDRES MARIA CRUZ;401420778;BAR BAYOVAR;32150;;;Bares y Cafeter¡as;BAR Y CAFETERIA;09/02/2026;09/05/2026;1;0;1;0;0;
2866;LORCA;81;ANDRES MARIA CRUZ;401420355;DON CROISSANT;32483;;;Bares y Cafeter¡as;BAR Y CAFETERIA;01/02/2026;30/04/2026;3;0;2;1;0;
2866;LORCA;81;ANDRES MARIA CRUZ;401420354;MANBICHE;32894;;;Bares y Cafeter¡as;BAR Y CAFETERIA;01/02/2026;24/04/2026;1;0;0;1;0;
2866;LORCA;81;ANDRES MARIA CRUZ;401420348;E.S. OJEDA ALICUN;30053;;;Conveniencia;ESTACIONES DE SERVICIO / GASOL;01/02/2026;10/02/2026;1;0;1;0;0;
2866;LORCA;81;ANDRES MARIA CRUZ;401417563;24 HORAS LA RAMBLA;31136;;;Varios;VARIOS/OTROS NO CLASIFICABLES;01/12/2025;06/05/2026;2;0;2;0;0;
2866;LORCA;81;ANDRES MARIA CRUZ;401413188;EL RINCON DE J&S;32891;;;Restaurantes;RESTAURANTES (NO INCLUYE CHINO;01/08/2025;26/09/2025;1;0;0;1;0;
2866;LORCA;81;ANDRES MARIA CRUZ;401409980;CAFETERIA A MI MANERA;32865;;;Bares y Cafeter¡as;BAR Y CAFETERIA;01/06/2025;14/06/2025;1;0;1;0;0;
2866;LORCA;81;ANDRES MARIA CRUZ;401408389;CHIRINGUITO SAUFER;32862;;;Bares y Cafeter¡as;BAR Y CAFETERIA;01/05/2025;04/09/2025;1;0;1;0;0;
2866;LORCA;81;ANDRES MARIA CRUZ;401405279;LA TIENDA DE CAMPER;32845;;;Conveniencia;TIENDA DE ALIMENTACION ETNICA ;01/04/2025;06/08/2025;1;0;1;0;0;
2866;LORCA;81;ANDRES MARIA CRUZ;401404958;PISCINA PADULES;32843;000019328;PISCINA PADULES;Bares y Cafeter¡as;BAR Y CAFETERIA;01/04/2025;04/09/2025;2;0;2;0;0;
2866;LORCA;81;ANDRES MARIA CRUZ;401404697;CHIRINGUITO J.EMILIO E HI;32842;;;Ocio;CHIRINGUITOS DE PLAYA/MERENDER;01/04/2025;24/04/2026;1;0;1;0;0;
2866;LORCA;81;ANDRES MARIA CRUZ;401404693;ALIMENTACION LOS HERMANOS;32841;;;Conveniencia;TIENDA DE ALIMENTACION ETNICA ;01/04/2025;09/08/2025;1;0;1;0;0;
2866;LORCA;81;ANDRES MARIA CRUZ;401404553;CENTRO MAYORES LA GLORIA;32840;;;Varios;VARIOS/OTROS NO CLASIFICABLES;01/04/2025;24/05/2025;1;0;1;0;0;
2866;LORCA;81;ANDRES MARIA CRUZ;401404241;EXCALIBUR 501;32719;;;Bares y Cafeter¡as;BAR Y CAFETERIA;01/04/2025;30/04/2026;1;0;1;0;0;
2866;LORCA;81;ANDRES MARIA CRUZ;401404238;PISCINA DE ENIX;32839;;;Bares y Cafeter¡as;BAR Y CAFETERIA;01/04/2025;13/08/2025;1;0;1;0;0;
2866;LORCA;81;ANDRES MARIA CRUZ;401403956;E.S. SAN ISIDRO 12567;30653;000000282;CAMPSA-REPS-PETRON-ABANDE;Conveniencia;ESTACIONES DE SERVICIO / GASOL;01/04/2025;25/10/2025;1;0;1;0;0;
2866;LORCA;81;ANDRES MARIA CRUZ;401402236;TERRAZA BAR ALSODUX;32823;;;Bares y Cafeter¡as;BAR Y CAFETERIA;01/03/2025;05/03/2026;1;0;1;0;0;
2866;LORCA;81;ANDRES MARIA CRUZ;401402125;KIOSCO CARMEN SEVILLA;32819;;;Impulso Tradicional;KIOSCO FIJO (NO PROPIEDAD NEST;01/03/2025;22/08/2025;2;0;2;0;0;
2866;LORCA;81;ANDRES MARIA CRUZ;401401331;HELADERIA NEW ALOHA;30349;;;Ocio;HELADERIAS/HORCHATERIAS;01/03/2025;08/05/2026;5;0;4;1;0;
2866;LORCA;81;ANDRES MARIA CRUZ;401401133;COMERCIO DAMNOUN;32775;;;Conveniencia;TIENDA DE ALIMENTACION ETNICA ;01/03/2025;14/08/2025;1;0;1;0;0;
2866;LORCA;81;ANDRES MARIA CRUZ;401392856;24 HOTSD KOKI 2;35058;000018691;24 HORAS KOKI;Conveniencia;TIENDA DE ALIMENTACION ETNICA ;01/10/2024;05/05/2026;1;0;1;0;0;
2866;LORCA;81;ANDRES MARIA CRUZ;401390322;PISCINA PATERNA;31733;;;Bares y Cafeter¡as;BAR Y CAFETERIA;01/07/2024;28/08/2025;3;0;3;0;0;
2866;LORCA;81;ANDRES MARIA CRUZ;401388694;KIDS & BIG;32728;;;Bares y Cafeter¡as;BAR Y CAFETERIA;01/06/2024;14/06/2025;1;0;1;0;0;
2866;LORCA;81;ANDRES MARIA CRUZ;401380549;BAR CELE 2;32760;;;Bares y Cafeter¡as;BAR Y CAFETERIA;01/04/2024;12/05/2026;1;0;1;0;0;
2866;LORCA;81;ANDRES MARIA CRUZ;401380421;CAFE HELADERIA JUDIT;32706;;;Bares y Cafeter¡as;BAR Y CAFETERIA;01/03/2024;13/05/2026;3;0;2;1;0;
2866;LORCA;81;ANDRES MARIA CRUZ;401380032;A DOS PASOS-24 HORAS;32705;;;Conveniencia;TIENDA DE ALIMENTACION ETNICA ;01/03/2024;13/05/2026;1;0;1;0;0;
2866;LORCA;81;ANDRES MARIA CRUZ;401379974;E.S. LOS MILLARES BP;32701;;;Conveniencia;ESTACIONES DE SERVICIO / GASOL;01/03/2024;07/05/2026;1;0;1;0;0;
2866;LORCA;81;ANDRES MARIA CRUZ;401378048;CHIRINGUITO PACO'S;30021;;;Ocio;CHIRINGUITOS DE PLAYA/MERENDER;01/03/2024;08/05/2026;2;0;2;0;0;
2866;LORCA;81;ANDRES MARIA CRUZ;401351489;AL-JAZAMA;32536;;;Varios;VARIOS/OTROS NO CLASIFICABLES;01/03/2023;07/05/2026;1;0;1;0;0;
2866;LORCA;81;ANDRES MARIA CRUZ;401349506;KUROMI HOME;32514;;;Conveniencia;TIENDA DE ALIMENTACION ETNICA ;01/03/2023;10/03/2026;1;0;1;0;0;
2866;LORCA;81;ANDRES MARIA CRUZ;401349260;DESPENSA DE ANA;32510;;;Conveniencia;TIENDA DE ALIMENTACION ETNICA ;01/03/2023;18/03/2026;1;0;1;0;0;
2866;LORCA;83;JOSE ANTONIO SOLER;401426972;EL CASINO;32919;;;Bares y Cafeter¡as;BAR Y CAFETERIA;20/04/2026;30/04/2026;1;0;1;0;0;
2866;LORCA;83;JOSE ANTONIO SOLER;401426786;MENOS MAL 25 HORAS;32917;;;Varios;VARIOS/OTROS NO CLASIFICABLES;22/04/2026;;1;0;1;0;0;
2866;LORCA;83;JOSE ANTONIO SOLER;401426046;HELADERIA SWEET MARTINA;32913;;;Ocio;HELADERIAS/HORCHATERIAS;13/04/2026;;1;0;0;1;0;
2866;LORCA;83;JOSE ANTONIO SOLER;401425295;KIOSCO BILAL;32909;;;Ocio;CHIRINGUITOS DE PLAYA/MERENDER;08/04/2026;14/04/2026;1;0;1;0;0;
2866;LORCA;83;JOSE ANTONIO SOLER;401413173;MI SUSHI;32889;;;Restaurantes;RESTAURANTES (NO INCLUYE CHINO;01/08/2025;13/05/2026;1;1;0;0;0;
2866;LORCA;83;JOSE ANTONIO SOLER;401351342;E.S. EL 21;32535;000017548;E.S.EL 21;Conveniencia;ESTACIONES DE SERVICIO / GASOL;01/03/2023;14/03/2026;1;0;1;0;0;
2866;LORCA;83;JOSE ANTONIO SOLER;401318028;SUPER TOYO;32266;000019249;SUPER TOYO/ZAPILLO;Conveniencia;TIENDA DE ALIMENTACION ETNICA ;01/07/2021;29/04/2026;2;0;2;0;0;
2866;LORCA;83;JOSE ANTONIO SOLER;401285687;E.S.BAYO LIROLA 33089 REP;39527;;;Conveniencia;ESTACIONES DE SERVICIO / GASOL;03/02/2020;12/05/2026;2;0;2;0;0;
2866;LORCA;83;JOSE ANTONIO SOLER;401275110;CAFETERIA VIRGEN DEL MAR;30971;;;Bares y Cafeter¡as;BAR Y CAFETERIA;27/06/2019;13/05/2026;1;0;1;0;0;
2866;LORCA;83;JOSE ANTONIO SOLER;401231454;PARAISO DE LAS CHUCHES;30908;;;Impulso Tradicional;TIENDAS DE CHUCHERIAS/FRUTOS S;19/02/2018;01/04/2026;1;0;1;0;0;
2866;LORCA;73;JOSE MIGUEL ANDUJAR;401180276;SANTIAGO HELADERIA;30619;;;Conveniencia;PASTELERIAS/PANADERIAS/FRUTERI;04/05/2004;04/09/2025;1;0;1;0;0;
2866;LORCA;73;JOSE MIGUEL ANDUJAR;401180260;LELIS TODO 0,60 EUROS;30606;;;Conveniencia;TIENDA DE ALIMENTACION ETNICA ;26/02/2004;07/05/2026;1;0;1;0;0;
2866;LORCA;73;JOSE MIGUEL ANDUJAR;401180252;REST. LOS ARCOS;32458;;;Restaurantes;RESTAURANTES (NO INCLUYE CHINO;01/12/1997;13/05/2026;6;1;5;0;0;
2866;LORCA;73;JOSE MIGUEL ANDUJAR;401180238;ANTARTIDA HELADERIA;30588;000013241;PUERTAS PUERTAS;Ocio;HELADERIAS/HORCHATERIAS;15/09/2000;08/05/2026;5;0;4;1;0;
2866;LORCA;73;JOSE MIGUEL ANDUJAR;401180641;CAFE BAR LA ERMITA;31985;;;Bares y Cafeter¡as;BAR Y CAFETERIA;16/03/2012;31/07/2025;3;0;2;1;0;
2866;LORCA;73;JOSE MIGUEL ANDUJAR;401180640;CAFETERIA HORTENSIA;31939;;;Bares y Cafeter¡as;BAR Y CAFETERIA;15/03/2012;07/05/2026;1;0;1;0;0;
2866;LORCA;73;JOSE MIGUEL ANDUJAR;401180579;REST. EL LAGARTO;31941;;;Restaurantes;RESTAURANTES (NO INCLUYE CHINO;11/04/2011;13/05/2026;2;0;2;0;0;
2866;LORCA;73;JOSE MIGUEL ANDUJAR;401180540;VIDEO CLUB ALARCON;32260;000000237;CANAL OCIO EUROPA, S.L.;Impulso Tradicional;LIBRERIAS/PAPELERIAS/VIDEO CLU;22/04/2010;30/04/2026;1;0;1;0;0;
2866;LORCA;73;JOSE MIGUEL ANDUJAR;401180477;LOCUTORIO NUEVO MERCADO;31977;000013231;NUEVO LOCUTORIO;Conveniencia;PASTELERIAS/PANADERIAS/FRUTERI;24/02/2009;30/05/2025;1;0;1;0;0;
2866;LORCA;73;JOSE MIGUEL ANDUJAR;401180453;TIENDA MINIMERCADO;30079;;;Conveniencia;TIENDA DE ALIMENTACION ETNICA ;24/03/2008;12/09/2025;1;0;1;0;0;
2866;LORCA;73;JOSE MIGUEL ANDUJAR;401180431;TIENDA REGALIZ;30068;000015211;TIENDA REGALIZ;Impulso Tradicional;TIENDAS DE CHUCHERIAS/FRUTOS S;21/05/2007;12/05/2026;1;0;1;0;0;
2866;LORCA;73;JOSE MIGUEL ANDUJAR;401284128;CAFETERIA LA TONTA MONA;31131;000015692;CAFETERIA DEL AGUILA;Bares y Cafeter¡as;BAR Y CAFETERIA;06/01/2020;07/05/2026;1;0;0;1;0;
2866;LORCA;73;JOSE MIGUEL ANDUJAR;401280703;RESTAURANTE EL RETIRO;31111;;;Restaurantes;RESTAURANTES (NO INCLUYE CHINO;04/11/2019;08/05/2026;4;1;3;0;0;
2866;LORCA;73;JOSE MIGUEL ANDUJAR;401279936;E.S. HIDROCARBUROS 96290D;39524;;;Conveniencia;ESTACIONES DE SERVICIO / GASOL;23/10/2019;24/04/2026;1;0;1;0;0;
2866;LORCA;73;JOSE MIGUEL ANDUJAR;401270269;GASTROBAR COFFE;31816;;;Bares y Cafeter¡as;BAR Y CAFETERIA;01/05/2019;31/03/2026;1;0;1;0;0;
2866;LORCA;73;JOSE MIGUEL ANDUJAR;401246921;SUPERMERCADO LI;31669;;;Conveniencia;TIENDA DE ALIMENTACION ETNICA ;25/07/2018;29/08/2025;2;0;2;0;0;
2866;LORCA;73;JOSE MIGUEL ANDUJAR;401241238;MEDITERRANEO 24 HORAS;31030;000015235;PKO 24 HORAS;Restaurantes;RESTAURANTES (NO INCLUYE CHINO;25/05/2018;24/04/2026;1;0;1;0;0;
2866;LORCA;73;JOSE MIGUEL ANDUJAR;401238851;CASH ALMERIA 7 DIAS;31018;;;Hogar;SUPERMERCADOS CON 2 O MAS CAJA;08/05/2018;10/04/2026;1;0;1;0;0;
2866;LORCA;73;JOSE MIGUEL ANDUJAR;401236961;CAFE BAR HUELE QUE ALIMEN;32769;;;Bares y Cafeter¡as;BAR Y CAFETERIA;19/04/2018;05/05/2026;1;0;1;0;0;
2866;LORCA;73;JOSE MIGUEL ANDUJAR;401232174;SUPERMERCADO YIN;30925;;;Conveniencia;TIENDA DE ALIMENTACION ETNICA ;01/03/2018;06/03/2026;1;0;1;0;0;
2866;LORCA;73;JOSE MIGUEL ANDUJAR;401226348;BAR UNIVERSIDAD ROMERA;30250;;;Bares y Cafeter¡as;BAR Y CAFETERIA;08/01/2018;06/05/2026;4;0;4;0;0;
2866;LORCA;73;JOSE MIGUEL ANDUJAR;401221715;CAFETERIA PALMITO;35001;000016963;CAFETERIA PALMITO;Bares y Cafeter¡as;BAR Y CAFETERIA;04/12/2017;08/05/2026;3;0;3;0;0;
2866;LORCA;73;JOSE MIGUEL ANDUJAR;401200015;RESTAURANTE MAGAN;30733;;;Restaurantes;RESTAURANTES (NO INCLUYE CHINO;20/03/2017;06/05/2026;1;0;1;0;0;
2866;LORCA;73;JOSE MIGUEL ANDUJAR;401196985;FINCA EL RECREO;30895;;;Restaurantes;RESTAURANTES (NO INCLUYE CHINO;06/02/2017;12/05/2026;3;1;2;0;0;
2866;LORCA;73;JOSE MIGUEL ANDUJAR;401193897;KOMO KOMO VIATOR;39249;;;Conveniencia;TIENDA DE ALIMENTACION ETNICA ;11/01/2017;30/04/2026;1;0;1;0;0;
2866;LORCA;73;JOSE MIGUEL ANDUJAR;401181314;TIENDA NUEVA ERA 24 H;30550;;;Conveniencia;TIENDA DE ALIMENTACION ETNICA ;12/07/2016;25/04/2026;1;0;1;0;0;
2866;LORCA;73;JOSE MIGUEL ANDUJAR;401181295;CAFETERIA IDEAL;30536;;;Bares y Cafeter¡as;BAR Y CAFETERIA;19/06/2016;07/05/2026;1;0;0;1;0;
2866;LORCA;73;JOSE MIGUEL ANDUJAR;401181007;REST.ANICETO;30363;000013238;ANICETO;Restaurantes;RESTAURANTES (NO INCLUYE CHINO;30/03/2015;13/05/2026;2;1;1;0;0;
2866;LORCA;73;JOSE MIGUEL ANDUJAR;401180842;BAR LOS PINOS;30298;;;Bares y Cafeter¡as;BAR Y CAFETERIA;15/04/2014;31/03/2026;1;0;1;0;0;
2866;LORCA;73;JOSE MIGUEL ANDUJAR;401180200;SANTA MARIA BAR;30558;;;Bares y Cafeter¡as;BAR Y CAFETERIA;01/12/1997;28/04/2026;1;0;1;0;0;
2866;LORCA;73;JOSE MIGUEL ANDUJAR;401425761;CAFETERIA PUZZLE;32911;;;Bares y Cafeter¡as;BAR Y CAFETERIA;13/04/2026;28/04/2026;1;0;1;0;0;
2866;LORCA;73;JOSE MIGUEL ANDUJAR;401423951;COMESTIBLES TU TIENDECITA;32903;;;Conveniencia;TIENDA DE ALIMENTACION ETNICA ;24/03/2026;09/05/2026;1;0;1;0;0;
2866;LORCA;73;JOSE MIGUEL ANDUJAR;401423636;CAFETERIA PUERTO PRINCIPE;32325;;;Bares y Cafeter¡as;BAR Y CAFETERIA;16/03/2026;09/05/2026;1;0;0;1;0;
2866;LORCA;73;JOSE MIGUEL ANDUJAR;401421288;ALIMENTACION CRISVAN;32144;;;Conveniencia;TIENDA DE ALIMENTACION ETNICA ;16/02/2026;29/04/2026;1;0;1;0;0;
2866;LORCA;73;JOSE MIGUEL ANDUJAR;401410397;CAFETERIA PORTO BABEL;30372;;;Bares y Cafeter¡as;BAR Y CAFETERIA;09/06/2025;02/05/2026;1;0;1;0;0;
2866;LORCA;73;JOSE MIGUEL ANDUJAR;401408489;CAFETERIA EL MOMENTO;32863;;;Bares y Cafeter¡as;BAR Y CAFETERIA;26/05/2025;08/05/2026;1;0;0;1;0;
2866;LORCA;73;JOSE MIGUEL ANDUJAR;401408073;CAFE LA YUNGA;32291;;;Bares y Cafeter¡as;BAR Y CAFETERIA;01/05/2025;12/05/2026;2;0;1;1;0;
2866;LORCA;73;JOSE MIGUEL ANDUJAR;401407650;COMESTIBLES PALENZUELA;32855;;;Conveniencia;TIENDA DE ALIMENTACION ETNICA ;01/05/2025;11/04/2026;1;0;1;0;0;
2866;LORCA;73;JOSE MIGUEL ANDUJAR;401407459;CAFE BAR EL PINTOR DE UVA;32854;;;Bares y Cafeter¡as;BAR Y CAFETERIA;01/05/2025;25/04/2026;2;0;1;1;0;
2866;LORCA;73;JOSE MIGUEL ANDUJAR;401399979;BAR LA OLLA ROTA;32765;;;Bares y Cafeter¡as;BAR Y CAFETERIA;01/02/2025;07/05/2026;1;1;0;0;0;
2866;LORCA;73;JOSE MIGUEL ANDUJAR;401394587;RESTAURANTE LA LONJA;30447;;;Restaurantes;RESTAURANTES (NO INCLUYE CHINO;01/11/2024;12/05/2026;3;1;1;1;0;
2866;LORCA;73;JOSE MIGUEL ANDUJAR;401393791;CAFETERIA LA GRAMOLA;32751;000018721;CAFETERIA LA GRAMOLA;Bares y Cafeter¡as;BAR Y CAFETERIA;28/10/2024;11/09/2025;2;0;2;0;0;
2866;LORCA;73;JOSE MIGUEL ANDUJAR;401384589;CAFE BAR CRISELLA;32335;;;Bares y Cafeter¡as;BAR Y CAFETERIA;01/05/2024;30/04/2026;1;0;0;1;0;
2866;LORCA;73;JOSE MIGUEL ANDUJAR;401383703;D'PASO;32332;;;Impulso Tradicional;TIENDAS DE CHUCHERIAS/FRUTOS S;01/04/2024;13/05/2026;1;0;1;0;0;
2866;LORCA;73;JOSE MIGUEL ANDUJAR;401382959;ISLA VERDE 24 HORAS;35050;000018474;CADENA PANTALAN;Hogar;SUPERMERCADOS CON 2 O MAS CAJA;01/04/2024;29/09/2025;5;0;5;0;0;
2866;LORCA;73;JOSE MIGUEL ANDUJAR;401377777;KIGOBE 24 HORAS;32285;;;Impulso Tradicional;TIENDAS DE CHUCHERIAS/FRUTOS S;26/02/2024;05/05/2026;1;0;1;0;0;
2866;LORCA;73;JOSE MIGUEL ANDUJAR;401376803;ALIMENTACION SANTA RITA;32673;;;Hogar;SUPERMERCADOS CON 2 O MAS CAJA;01/02/2024;19/03/2026;1;0;1;0;0;
2866;LORCA;73;JOSE MIGUEL ANDUJAR;401374285;CAFE BAR LA MAYOR;32357;;;Bares y Cafeter¡as;BAR Y CAFETERIA;01/01/2024;22/04/2026;2;0;2;0;0;
2866;LORCA;73;JOSE MIGUEL ANDUJAR;401373193;REFRESQUERIA ALCAZABA;32353;;;Impulso Tradicional;TIENDAS DE CHUCHERIAS/FRUTOS S;01/12/2023;12/05/2026;1;0;1;0;0;
2866;LORCA;73;JOSE MIGUEL ANDUJAR;401367572;HELADERIA RAMBLA AMATISTE;32641;;;Ocio;HELADERIAS/HORCHATERIAS;01/12/2023;08/05/2026;6;0;4;2;0;
2866;LORCA;73;JOSE MIGUEL ANDUJAR;401363557;CAFETERIA LOS PIRINEOS;32888;;;Bares y Cafeter¡as;BAR Y CAFETERIA;01/07/2023;07/05/2026;2;0;1;1;0;
2866;LORCA;73;JOSE MIGUEL ANDUJAR;401361226;E.S. LA TORRE;32628;;;Conveniencia;ESTACIONES DE SERVICIO / GASOL;01/06/2023;17/04/2026;1;0;1;0;0;
2866;LORCA;73;JOSE MIGUEL ANDUJAR;401360794;LA TABERNA DE MIGUEL;39116;;;Bares y Cafeter¡as;BAR Y CAFETERIA;01/06/2023;24/04/2026;1;0;1;0;0;
2866;LORCA;73;JOSE MIGUEL ANDUJAR;401356822;CAFE BAR BARLOVENTO;32223;;;Bares y Cafeter¡as;BAR Y CAFETERIA;01/05/2023;23/04/2026;1;0;1;0;0;
2866;LORCA;73;JOSE MIGUEL ANDUJAR;401356465;ALIMENTACION Y FRUTAS JOS;32591;;;Conveniencia;TIENDA DE ALIMENTACION ETNICA ;01/05/2023;20/03/2025;1;0;1;0;0;
2866;LORCA;73;JOSE MIGUEL ANDUJAR;401352871;TIENDA CANDY WORLD;32548;;;Conveniencia;TIENDA DE ALIMENTACION ETNICA ;01/04/2023;08/05/2026;1;0;1;0;0;
2866;LORCA;73;JOSE MIGUEL ANDUJAR;401352598;EURO PASEO;32546;;;Conveniencia;TIENDA DE ALIMENTACION ETNICA ;01/03/2023;09/05/2026;1;0;1;0;0;
2866;LORCA;73;JOSE MIGUEL ANDUJAR;401352082;CAFETERIA CARMA;32542;;;Bares y Cafeter¡as;BAR Y CAFETERIA;01/03/2023;13/05/2026;2;0;1;1;0;
2866;LORCA;73;JOSE MIGUEL ANDUJAR;401332494;ESTANCO LOS ANGELES;32441;000016963;CAFETERIA PALMITO;Varios;VARIOS/OTROS NO CLASIFICABLES;01/05/2022;30/04/2026;1;0;1;0;0;
2866;LORCA;73;JOSE MIGUEL ANDUJAR;401330627;RESTAURANTE LA REJA;40676;;;Restaurantes;RESTAURANTES (NO INCLUYE CHINO;01/04/2022;14/08/2025;1;0;1;0;0;
2866;LORCA;73;JOSE MIGUEL ANDUJAR;401324964;CAFETERIA AROMA Y SABOR;40500;;;Bares y Cafeter¡as;BAR Y CAFETERIA;10/01/2022;08/05/2026;3;1;1;1;0;
2866;LORCA;73;JOSE MIGUEL ANDUJAR;401312302;ATEN OIL SECTOR AOPERACIO;32890;;;Conveniencia;ESTACIONES DE SERVICIO / GASOL;17/05/2021;02/05/2026;1;0;1;0;0;
2866;LORCA;73;JOSE MIGUEL ANDUJAR;401311298;FRUTERIA ALIMENTACION;32791;;;Varios;VARIOS/OTROS NO CLASIFICABLES;03/05/2021;07/05/2026;1;0;1;0;0;
2866;LORCA;73;JOSE MIGUEL ANDUJAR;401302099;24 HORAS ENZO;32084;;;Impulso Tradicional;TIENDAS DE CHUCHERIAS/FRUTOS S;09/11/2020;12/05/2026;1;0;1;0;0;
2866;LORCA;73;JOSE MIGUEL ANDUJAR;401296521;CAFE BAR TORREBERMEJAS;30944;;;Bares y Cafeter¡as;BAR Y CAFETERIA;01/07/2020;07/08/2025;1;0;1;0;0;
2866;LORCA;73;JOSE MIGUEL ANDUJAR;401294431;BAR RODRIGUEZ;32052;;;Bares y Cafeter¡as;BAR Y CAFETERIA;15/06/2020;24/04/2026;2;1;1;0;0;
2866;LORCA;73;JOSE MIGUEL ANDUJAR;401293781;PANADERIA HORTENSIA;31976;;;Conveniencia;PASTELERIAS/PANADERIAS/FRUTERI;11/06/2020;10/04/2026;1;0;1;0;0;
2866;LORCA;73;JOSE MIGUEL ANDUJAR;401285109;MOLINOS 18;32691;;;Restaurantes;RESTAURANTES (NO INCLUYE CHINO;31/01/2020;01/04/2025;1;0;1;0;0;
2866;LORCA;73;JOSE MIGUEL ANDUJAR;401180394;CHUCHERIAS LOS CARAMELOS;30036;;;Conveniencia;PASTELERIAS/PANADERIAS/FRUTERI;08/03/2007;09/05/2026;1;0;1;0;0;
2866;LORCA;73;JOSE MIGUEL ANDUJAR;401180349;TORRELUZ III;30010;000000229;HOTUSA (ASOCIADOS);Hoteles y Hostales;HOTELES Y HOSTALES;06/02/2006;07/05/2026;1;1;0;0;0;
2866;LORCA;93;MARI CARMEN PREVENTA;401367393;CIRCUITO TABERNAS;32349;;;Bares y Cafeter¡as;BAR Y CAFETERIA;01/11/2023;23/04/2026;1;0;1;0;0;
2866;LORCA;93;MARI CARMEN PREVENTA;401363725;LOOPS&COFFEE LORCA;10382;000009215;LOOPS & COFFEE;Bares y Cafeter¡as;BAR Y CAFETERIA;01/07/2023;08/05/2026;2;0;1;1;0;
2866;LORCA;93;MARI CARMEN PREVENTA;401353804;EROSKI PECHINA 4438;39544;B8084;EROSKI CST;Hogar;SUPERMERCADOS CON 2 O MAS CAJA;01/04/2023;02/05/2026;1;0;1;0;0;
2866;LORCA;93;MARI CARMEN PREVENTA;401349266;BAR EL GATO;10324;;;Bares y Cafeter¡as;BAR Y CAFETERIA;01/03/2023;20/04/2026;1;1;0;0;0;
2866;LORCA;93;MARI CARMEN PREVENTA;401226043;HOTEL OASIS TROPICAL;30878;B6835;BEST HOTELES;Hoteles y Hostales;HOTELES Y HOSTALES;29/12/2017;12/05/2026;4;1;3;0;0;
2866;LORCA;93;MARI CARMEN PREVENTA;401222106;ALVAREZ LUCHA;30881;B7098;ALVAREZ LUCHA S.L.;Hogar;SUPERMERCADOS CON 2 O MAS CAJA;13/12/2017;07/05/2026;1;0;1;0;0;
2866;LORCA;93;MARI CARMEN PREVENTA;401181261;HOTEL MARINA MAR;30508;B6762;SERVIHOTEL, S.L;Hoteles y Hostales;HOTELES Y HOSTALES;11/05/2016;16/09/2025;5;2;3;0;0;
2866;LORCA;93;MARI CARMEN PREVENTA;401181260;HOTEL MARINA PLAYA;30507;B6762;SERVIHOTEL, S.L;Hoteles y Hostales;HOTELES Y HOSTALES;11/05/2016;12/05/2026;10;2;7;1;0;
2866;LORCA;93;MARI CARMEN PREVENTA;401180585;KARTING BAR;30578;;;Bares y Cafeter¡as;BAR Y CAFETERIA;25/04/2011;14/04/2026;1;0;1;0;0;
2866;LORCA;93;MARI CARMEN PREVENTA;401180438;HOTEL ELBA ALMERIA;30073;B6520;ELBA HOTELES PENINSULA;Hoteles y Hostales;HOTELES Y HOSTALES;20/07/2007;12/05/2026;1;1;0;0;0;
2866;LORCA;93;MARI CARMEN PREVENTA;401180421;OASIS PARQUE TEMATICO;30059;B6505;GRUPO HOTELES PLAYA, S.L.;Ocio;PARQUE DE ATRACCIONES/PARQUES ;04/05/2007;07/05/2026;21;2;19;0;0;
2866;LORCA;93;MARI CARMEN PREVENTA;401334830;PXAL POETA PACO AQUINO CA;39542;B6819;CARREFOUR EXPRESS;Hogar;SUPERMERCADOS CON 2 O MAS CAJA;01/06/2022;03/07/2025;1;0;1;0;0;
2866;LORCA;93;MARI CARMEN PREVENTA;401331621;PXAL FEDERICO GARCIA LORC;39539;B6819;CARREFOUR EXPRESS;Conveniencia;TIENDA DE ALIMENTACION ETNICA ;01/05/2022;07/05/2026;1;0;1;0;0;
2866;LORCA;93;MARI CARMEN PREVENTA;401317489;CASH BOROSA ROQUETAS;39538;B7098;ALVAREZ LUCHA S.L.;Hogar;SUPERMERCADOS CON 2 O MAS CAJA;01/07/2021;08/05/2026;1;0;1;0;0;
2866;LORCA;93;MARI CARMEN PREVENTA;401302450;SUPERMERCADO AMA;39533;B8023;TIENDAS AMA;Hogar;SUPERMERCADOS CON 2 O MAS CAJA;01/12/2020;05/05/2026;3;0;3;0;0;
2866;LORCA;93;MARI CARMEN PREVENTA;401299433;E.S.ENERGY Y CARBURANTES;32074;;;Conveniencia;ESTACIONES DE SERVICIO / GASOL;05/10/2020;09/04/2026;1;0;1;0;0;
2866;LORCA;93;MARI CARMEN PREVENTA;401288253;E.S.A.LFARO N§10326;39530;;;Conveniencia;ESTACIONES DE SERVICIO / GASOL;02/03/2020;30/04/2026;1;0;1;0;0;
2866;LORCA;33;DOMINGO GINER ;401420751;RESTAURANTE LEONARDO;10372;;;Restaurantes;RESTAURANTES (NO INCLUYE CHINO;09/02/2026;05/05/2026;1;0;1;0;0;
2866;LORCA;80;JUAN LUIS GALLEGO ;401403037;SUPERMERCADO ZAPILLO;32826;000019249;SUPER TOYO/ZAPILLO;Hogar;SUPERMERCADOS CON 2 O MAS CAJA;01/03/2025;08/05/2026;1;0;1;0;0;
2866;LORCA;02;BARTOLO .;866015729;CAFETERIA KEOP'S;8529;000015187;KEOP'S;Bares y Cafeter¡as;BAR Y CAFETERIA;24/05/2005;08/05/2026;3;0;3;0;0;
2866;LORCA;03;MARTIN MANCHON;401408130;EL BURLADERO;9575;;;Bares y Cafeter¡as;BAR Y CAFETERIA;01/05/2025;12/05/2026;1;1;0;0;0;
2866;LORCA;05;JOSE SANCHEZ;866016165;EL ARCO, BAR;6165;8660147;EL BERRO;Restaurantes;RESTAURANTES (NO INCLUYE CHINO;01/01/1998;07/05/2026;3;1;2;0;0;
2866;LORCA;13;JOAQUIN GARCIA;401199154;RESTAURANTE MIRAS;8160;000013530;RSTAURANTE MIRAS;Restaurantes;RESTAURANTES (NO INCLUYE CHINO;06/03/2017;07/05/2026;2;2;0;0;0;
2866;LORCA;16;FRANCISCO JOSE ASENSIO ;401408301;CHIRINGUITO RINCON DEL PT;30463;;;Ocio;CHIRINGUITOS DE PLAYA/MERENDER;01/05/2025;29/08/2025;1;0;1;0;0;
2866;LORCA;97;ALMACEN ALMACEN;866012354;SAN FRANCISCO, ASADERO;2354;8660136;PAREDES QUI¥ONERO;Conveniencia;COMIDA PREPARADA/ASADORES DE P;01/01/1998;05/03/2026;2;0;2;0;0;
2866;LORCA;72;JOSE MIGUEL  ACACIO;401180359;PUERTAS BAR;32746;;;Bares y Cafeter¡as;BAR Y CAFETERIA;16/03/2006;05/05/2026;2;0;2;0;0;
2866;LORCA;35;RAUL MARTINEZ ;401422751;BAR RESTAURANTE LA MAREA;32853;;;Bares y Cafeter¡as;BAR Y CAFETERIA;09/03/2026;;2;1;1;0;0;
2866;LORCA;15;ALFONSO SALAS;401425513;EL BARRIO;10428;;;Restaurantes;RESTAURANTES (NO INCLUYE CHINO;01/04/2026;14/04/2026;1;0;1;0;0;
2866;LORCA;81;ANDRES MARIA CRUZ;401366554;KIOSCO CARLOTA;31169;000013233;DON ANGEL-PORTOMAGNO;Impulso Tradicional;KIOSCO FIJO (NO PROPIEDAD NEST;01/10/2023;05/05/2026;3;0;2;1;0;
2866;LORCA;82;LUIS PARDO;401374718;SUPREMO;32665;;;Hogar;SUPERMERCADOS CON 2 O MAS CAJA;22/01/2024;29/04/2026;1;0;1;0;0;
2866;LORCA;83;JOSE ANTONIO SOLER;401180520;PIZZERIA SINGAPUR III@;30978;000013227;PIZZERIAS SINGAPUR@;Restaurantes;RESTAURANTES (NO INCLUYE CHINO;18/02/2010;13/05/2026;1;1;0;0;0;
2866;LORCA;73;JOSE MIGUEL ANDUJAR;401180311;VIDEO CLUB TAZMANIA;30814;000000237;CANAL OCIO EUROPA, S.L.;Conveniencia;PASTELERIAS/PANADERIAS/FRUTERI;19/03/2001;09/05/2026;1;0;1;0;0;
2866;LORCA;93;MARI CARMEN PREVENTA;401428000;LA CESTA JUAN CARLOS I;32926;B6604;TRANSGOURMET IBER FRANQ;Hogar;SUPERMERCADOS CON 2 O MAS CAJA;07/05/2026;;1;0;1;0;0;
2866;LORCA;10;EDGAR WIDRIDO GRANDA;401422028;REST ATALAYA;10340;;;Restaurantes;RESTAURANTES (NO INCLUYE CHINO;02/03/2026;08/05/2026;1;0;1;0;0;
2866;LORCA;33;DOMINGO GINER ;401161507;CASA MILAN MAGA¥A;7679;;;Bares y Cafeter¡as;BAR Y CAFETERIA;11/03/2016;07/05/2026;3;0;3;0;0;
2866;LORCA;33;DOMINGO GINER ;401127171;ALIMENTACION HAO KE LAI;7432;000002879;MERENDERO PADILLA;Conveniencia;TIENDA DE ALIMENTACION ETNICA ;05/05/2015;09/05/2026;1;0;1;0;0;
2866;LORCA;33;DOMINGO GINER ;401127128;CAMPING LOS MADRILES;2150;8660178;MENDEZ LOPEZ;Ocio;CAMPING/PISCINAS/POLIDEPORTIVO;06/05/2015;02/04/2026;2;0;2;0;0;
2866;LORCA;33;DOMINGO GINER ;401075285;BAR MORABU;8625;;;Bares y Cafeter¡as;BAR Y CAFETERIA;03/03/2014;23/04/2026;1;0;1;0;0;
2866;LORCA;33;DOMINGO GINER ;401263801;HELADERIA ARIAS.COM;8512;;;Ocio;HELADERIAS/HORCHATERIAS;18/03/2019;29/04/2026;8;1;6;1;0;
2866;LORCA;33;DOMINGO GINER ;401261648;RESTAURANTE RINCON ELIAS;9222;;;Restaurantes;RESTAURANTES (NO INCLUYE CHINO;22/02/2019;07/05/2026;1;0;1;0;0;
2866;LORCA;33;DOMINGO GINER ;401261409;SUPERMERCADO PEPE;9221;;;Hogar;SUPERMERCADOS CON 2 O MAS CAJA;18/02/2019;02/05/2026;1;0;1;0;0;
2866;LORCA;33;DOMINGO GINER ;401261285;MINI SUPER MAO;9220;;;Bares y Cafeter¡as;BAR Y CAFETERIA;18/02/2019;21/02/2026;1;0;1;0;0;
2866;LORCA;33;DOMINGO GINER ;401256010;CONFITERIA CANELA;8815;000018192;CONFITERIA CANELA;Bares y Cafeter¡as;BAR Y CAFETERIA;28/01/2019;18/04/2026;1;0;1;0;0;
2866;LORCA;33;DOMINGO GINER ;401232852;PIZZERIA TREVI PLAYA;9097;;;Bares y Cafeter¡as;BAR Y CAFETERIA;09/03/2018;01/04/2026;1;0;1;0;0;
2866;LORCA;33;DOMINGO GINER ;401211957;LAS PLANCHAS;8636;;;Bares y Cafeter¡as;BAR Y CAFETERIA;26/06/2017;18/04/2026;1;0;1;0;0;
2866;LORCA;33;DOMINGO GINER ;401377014;ALIMENTACION BAZAR ISLA P;9095;;;Conveniencia;TIENDA DE ALIMENTACION ETNICA ;01/02/2024;30/04/2026;1;0;1;0;0;
2866;LORCA;33;DOMINGO GINER ;401376653;CONFITERIA CANELO 2;9094;000018192;CONFITERIA CANELA;Bares y Cafeter¡as;BAR Y CAFETERIA;01/02/2024;28/03/2026;1;0;1;0;0;
2866;LORCA;33;DOMINGO GINER ;401359946;ALIMENTACION YANYAN;9145;;;Conveniencia;TIENDA DE ALIMENTACION ETNICA ;01/06/2023;22/08/2025;1;0;1;0;0;
2866;LORCA;33;DOMINGO GINER ;401352658;SAL Y ALMAGRE;8673;;;Bares y Cafeter¡as;BAR Y CAFETERIA;01/03/2023;05/09/2025;1;0;1;0;0;
2866;LORCA;33;DOMINGO GINER ;401350172;SUPER SOL BOLNUEVO;8419;;;Conveniencia;TIENDA DE ALIMENTACION ETNICA ;01/03/2023;04/08/2025;2;0;2;0;0;
2866;LORCA;33;DOMINGO GINER ;401350169;SUPERMERCADO SUPER SOL;8972;;;Conveniencia;TIENDA DE ALIMENTACION ETNICA ;01/03/2023;11/04/2026;2;0;2;0;0;
2866;LORCA;33;DOMINGO GINER ;401349502;BAZAR EUROPA ORIENTAR;7192;;;Conveniencia;BAZARES/SUVENIRES/TODO A 1_;01/03/2023;02/05/2026;2;0;2;0;0;
2866;LORCA;33;DOMINGO GINER ;401331765;KIOSCOS AREA CAMPER;8912;000016940;KIOSCO PUEBLO SALAO;Impulso Tradicional;KIOSCO FIJO (NO PROPIEDAD NEST;01/05/2022;19/08/2025;4;0;4;0;0;
2866;LORCA;33;DOMINGO GINER ;401326884;RESTAURANTE EL PUERTO;7669;;;Restaurantes;RESTAURANTES (NO INCLUYE CHINO;01/03/2022;05/05/2026;1;0;1;0;0;
2866;LORCA;33;DOMINGO GINER ;401325621;ALIMENTACION MULTIPRECIO;8259;;;Conveniencia;TIENDA DE ALIMENTACION ETNICA ;01/02/2022;11/04/2026;1;0;1;0;0;
2866;LORCA;33;DOMINGO GINER ;401324660;RESTAURANTE SHANGHAI;8301;;;Restaurantes;RESTAURANTES (NO INCLUYE CHINO;01/01/2022;12/05/2026;1;0;1;0;0;
2866;LORCA;33;DOMINGO GINER ;401315670;PANTERA ROSA;8271;;;Varios;VARIOS/OTROS NO CLASIFICABLES;01/06/2021;26/08/2025;2;0;2;0;0;
2866;LORCA;33;DOMINGO GINER ;401311009;CAFETERIA LA ERMITA;9401;;;Bares y Cafeter¡as;BAR Y CAFETERIA;01/05/2021;23/04/2026;2;0;2;0;0;
2866;LORCA;33;DOMINGO GINER ;401309087;RERSTAURANTE YAHO;9409;;;Restaurantes;RESTAURANTES (NO INCLUYE CHINO;01/04/2021;12/05/2026;1;0;1;0;0;
2866;LORCA;33;DOMINGO GINER ;401294646;RESTAURANTE VILLAMARES;9515;000015879;LA BODEGA;Restaurantes;RESTAURANTES (NO INCLUYE CHINO;22/06/2020;08/05/2026;4;1;3;0;0;
2866;LORCA;33;DOMINGO GINER ;401287876;BAR FREIDURIA LA FAROLA;9162;;;Bares y Cafeter¡as;BAR Y CAFETERIA;24/02/2020;12/05/2026;1;1;0;0;0;
2866;LORCA;33;DOMINGO GINER ;401280362;RESTAURANTE PALENQUE;9320;;;Restaurantes;RESTAURANTES (NO INCLUYE CHINO;06/11/2019;12/05/2026;1;0;1;0;0;
2866;LORCA;33;DOMINGO GINER ;401271067;PANADERIA COYFER;8599;000016366;PANADERIAS COYFER;Hogar;SUPERMERCADOS CON 2 O MAS CAJA;21/05/2019;28/04/2026;1;0;1;0;0;
2866;LORCA;33;DOMINGO GINER ;401041797;TERRAZA DEL MAR;8911;;;Restaurantes;RESTAURANTES (NO INCLUYE CHINO;05/06/2013;08/05/2026;1;0;1;0;0;
2866;LORCA;33;DOMINGO GINER ;401037413;CHIRINGUITO NARES;3587;000008931;LOPEZ SALINERO, RICARDO;Ocio;CHIRINGUITOS DE PLAYA/MERENDER;09/05/2013;12/05/2026;1;0;1;0;0;
2866;LORCA;33;DOMINGO GINER ;400966324;BAR DESCUADRE;5366;;;Bares y Cafeter¡as;BAR Y CAFETERIA;15/06/2011;30/07/2025;2;0;2;0;0;
2866;LORCA;33;DOMINGO GINER ;400847918;KIOSCO EL CASTELLAR;4067;000008931;LOPEZ SALINERO, RICARDO;Ocio;CHIRINGUITOS DE PLAYA/MERENDER;04/06/2009;02/09/2025;3;0;3;0;0;
2866;LORCA;33;DOMINGO GINER ;400840747;CAFETERIA LUIS MIGUEL;296;;;Bares y Cafeter¡as;BAR Y CAFETERIA;29/04/2009;16/04/2026;2;0;2;0;0;
2866;LORCA;33;DOMINGO GINER ;400744799;E.S. PLAYASO PERCHELES;5160;000004425;BP OIL ESPA¥A S.A.U.;Conveniencia;ESTACIONES DE SERVICIO / GASOL;08/03/2007;23/04/2026;2;1;1;0;0;
2866;LORCA;33;DOMINGO GINER ;866020005;LIOS, BAR;8416;;;Ocio;CHIRINGUITOS DE PLAYA/MERENDER;01/01/1998;07/05/2026;6;0;6;0;0;
2866;LORCA;33;DOMINGO GINER ;866016052;CAMPIN BOLNUEVO KIOSKO;6052;8660184;BOLNUEVO PLAYA, S.L.;Ocio;CAMPING/PISCINAS/POLIDEPORTIVO;27/04/2004;09/05/2026;3;0;3;0;0;
2866;LORCA;33;DOMINGO GINER ;866016051;CAMPING BOLNUEV CAFETERIA;6051;8660184;BOLNUEVO PLAYA, S.L.;Ocio;CAMPING/PISCINAS/POLIDEPORTIVO;27/04/2004;12/05/2026;2;1;1;0;0;
2866;LORCA;33;DOMINGO GINER ;866016003;RESTAURANTE EL CALDERO;5450;000008931;LOPEZ SALINERO, RICARDO;Restaurantes;RESTAURANTES (NO INCLUYE CHINO;03/03/2004;09/05/2026;1;0;1;0;0;
2866;LORCA;33;DOMINGO GINER ;866012695;LA BODEGA,RTE;9513;000015879;LA BODEGA;Restaurantes;RESTAURANTES (NO INCLUYE CHINO;28/02/1998;08/05/2026;6;2;4;0;0;
2866;LORCA;33;DOMINGO GINER ;866012613;LOS ROSALES, BAR;2613;;;Bares y Cafeter¡as;BAR Y CAFETERIA;01/01/1998;29/04/2026;1;0;1;0;0;
2866;LORCA;33;DOMINGO GINER ;866011264;PANADERIA COYFER, S.L.;1264;000016366;PANADERIAS COYFER;Conveniencia;PASTELERIAS/PANADERIAS/FRUTERI;16/06/1998;28/04/2026;2;0;2;0;0;
2866;LORCA;33;DOMINGO GINER ;866010633;PIZZERIA COSTA;633;8660158;HERMANOS COSTA;Restaurantes;RESTAURANTES (NO INCLUYE CHINO;03/12/1999;07/05/2026;1;0;1;0;0;
2866;LORCA;33;DOMINGO GINER ;866010363;PLAYA GRANDE, HOTEL;363;8660135;LA MESEGUERA;Hoteles y Hostales;HOTELES Y HOSTALES;01/01/1998;25/04/2026;3;0;3;0;0;
2866;LORCA;33;DOMINGO GINER ;866010281;RTE.CHINA GRAN MUNDO;281;;;Restaurantes;RESTAURANTES CHINOS;25/06/2002;12/05/2026;5;1;3;1;0;
2866;LORCA;33;DOMINGO GINER ;401427588;HELADERIA CAFETERIA BORON;10458;;;Ocio;HELADERIAS/HORCHATERIAS;04/05/2026;;1;0;0;1;0;
2866;LORCA;33;DOMINGO GINER ;401426031;BAR MUNA;10438;;;Bares y Cafeter¡as;BAR Y CAFETERIA;13/04/2026;30/04/2026;2;0;1;1;0;
2866;LORCA;33;DOMINGO GINER ;401425516;SUPERMERCADO CAMPOSOL V;10429;;;Hogar;SUPERMERCADOS CON 2 O MAS CAJA;06/04/2026;17/04/2026;1;0;1;0;0;
2866;LORCA;33;DOMINGO GINER ;401424659;BAR PONIENTE;10420;;;Bares y Cafeter¡as;BAR Y CAFETERIA;30/03/2026;11/04/2026;1;0;1;0;0;
2866;LORCA;33;DOMINGO GINER ;401423912;SUPER MOULOUD;8508;;;Conveniencia;TIENDA DE ALIMENTACION ETNICA ;23/03/2026;27/03/2026;1;0;1;0;0;
2866;LORCA;33;DOMINGO GINER ;401423897;SNAK GAZA HALAL;9694;;;Bares y Cafeter¡as;BAR Y CAFETERIA;23/03/2026;27/03/2026;1;0;1;0;0;
2866;LORCA;33;DOMINGO GINER ;401423558;CHIRINGUITO;10411;000019711;VISTABELLA;Ocio;CHIRINGUITOS DE PLAYA/MERENDER;20/03/2026;;3;0;3;0;0;
2866;LORCA;33;DOMINGO GINER ;401423557;FERRI CHIRINGUITO;10410;000019711;VISTABELLA;Ocio;CHIRINGUITOS DE PLAYA/MERENDER;20/03/2026;08/05/2026;4;0;4;0;0;
2866;LORCA;33;DOMINGO GINER ;401423556;RESTAURANTE VISTABELLA;10409;000019711;VISTABELLA;Restaurantes;RESTAURANTES (NO INCLUYE CHINO;20/03/2026;08/05/2026;4;1;3;0;0;
2866;LORCA;33;DOMINGO GINER ;401423202;ACHONERIA;10408;;;Bares y Cafeter¡as;BAR Y CAFETERIA;16/03/2026;30/04/2026;1;1;0;0;0;
2866;LORCA;33;DOMINGO GINER ;401423078;REST. COPO MARTIN;10336;;;Restaurantes;RESTAURANTES (NO INCLUYE CHINO;09/03/2026;12/05/2026;1;0;1;0;0;
2866;LORCA;33;DOMINGO GINER ;401420761;RTE.LEONARDO SUL MADRE;10373;;;Restaurantes;RESTAURANTES (NO INCLUYE CHINO;01/02/2026;11/04/2026;1;0;0;1;0;
2866;LORCA;33;DOMINGO GINER ;401412566;PUERTO KEBAB;9695;;;Bares y Cafeter¡as;HAMBURGUESERIA/KEBAB/FAST FOOD;01/07/2025;21/04/2026;1;0;1;0;0;
2866;LORCA;33;DOMINGO GINER ;401410206;QUICKSAVE-CAMPOSOL;9693;;;Bares y Cafeter¡as;BAR Y CAFETERIA;01/06/2025;19/09/2025;1;0;1;0;0;
2866;LORCA;33;DOMINGO GINER ;401410056;CHIRINGUITO LA MEDUSA;9166;;;Ocio;CHIRINGUITOS DE PLAYA/MERENDER;01/06/2025;05/09/2025;1;0;1;0;0;
2866;LORCA;33;DOMINGO GINER ;401408655;RESTAURANTE MIRAMAR;9165;;;Restaurantes;RESTAURANTES (NO INCLUYE CHINO;01/06/2025;02/05/2026;1;1;0;0;0;
2866;LORCA;33;DOMINGO GINER ;401406686;RTE.PUNTAS DE CALNEGRE;5708;;;Restaurantes;RESTAURANTES (NO INCLUYE CHINO;01/05/2025;25/04/2026;1;0;1;0;0;
2866;LORCA;33;DOMINGO GINER ;401406555;BAR SOL;304;;;Bares y Cafeter¡as;BAR Y CAFETERIA;01/05/2025;07/05/2026;1;1;0;0;0;
2866;LORCA;33;DOMINGO GINER ;401393110;CASA CLUB CAMPOSOL GOLD;5702;;;Bares y Cafeter¡as;BAR Y CAFETERIA;01/10/2024;30/04/2026;1;0;1;0;0;
2866;LORCA;33;DOMINGO GINER ;401386548;ROUTE 66;9096;;;Bares y Cafeter¡as;BAR Y CAFETERIA;01/06/2024;14/03/2026;1;0;1;0;0;
2866;LORCA;33;DOMINGO GINER ;401384583;CAMPING PLAYA PARAZUELOS;8433;;;Ocio;CAMPING/PISCINAS/POLIDEPORTIVO;01/05/2024;07/05/2026;3;0;3;0;0;
2866;LORCA;33;DOMINGO GINER ;401383698;CENTRO SOCIAL PASTRANA;8432;;;Bares y Cafeter¡as;BAR Y CAFETERIA;01/04/2024;23/10/2025;1;0;1;0;0;
2866;LORCA;80;JUAN LUIS GALLEGO ;401377191;BAR EL TONEL 3;32679;000017417;BAR EL TONEL;Bares y Cafeter¡as;BAR Y CAFETERIA;01/02/2024;13/02/2026;2;1;1;0;0;
2866;LORCA;80;JUAN LUIS GALLEGO ;401374340;TIENDA ROZZ;32359;;;Impulso Tradicional;TIENDAS DE CHUCHERIAS/FRUTOS S;01/01/2024;12/05/2026;1;0;1;0;0;
2866;LORCA;80;JUAN LUIS GALLEGO ;401374284;CHIRINGUITO PESETA BAHIA ;32286;000018136;CHIRINGUITO PESETA BAHIA ;Ocio;CHIRINGUITOS DE PLAYA/MERENDER;01/01/2024;20/03/2026;2;1;1;0;0;
2866;LORCA;80;JUAN LUIS GALLEGO ;401181934;PKAO 24 HORAS II;30668;000015235;PKO 24 HORAS;Conveniencia;PASTELERIAS/PANADERIAS/FRUTERI;16/11/2016;08/05/2026;1;0;1;0;0;
2866;LORCA;80;JUAN LUIS GALLEGO ;401181174;ALIMENTACION KRISTINA;31929;;;Conveniencia;TIENDA DE ALIMENTACION ETNICA ;26/02/2016;31/03/2026;1;0;1;0;0;
2866;LORCA;80;JUAN LUIS GALLEGO ;401181145;LA MARQUESINA;30420;000013239;SODA/MARQUESINA;Bares y Cafeter¡as;BAR Y CAFETERIA;09/11/2015;08/05/2026;4;1;3;0;0;
2866;LORCA;80;JUAN LUIS GALLEGO ;401181099;CAFETERIA EL JAYA;30399;;;Bares y Cafeter¡as;BAR Y CAFETERIA;13/06/2015;02/05/2026;2;0;2;0;0;
2866;LORCA;80;JUAN LUIS GALLEGO ;401180700;TIENDA 24 HORAS;30226;000015235;PKO 24 HORAS;Conveniencia;PASTELERIAS/PANADERIAS/FRUTERI;07/02/2013;12/05/2026;1;1;0;0;0;
2866;LORCA;80;JUAN LUIS GALLEGO ;401180605;EL RINCON GOLOSO;32465;;;Impulso Tradicional;TIENDAS DE CHUCHERIAS/FRUTOS S;14/06/2011;05/05/2026;1;0;1;0;0;
2866;LORCA;80;JUAN LUIS GALLEGO ;401180554;ACEBUCHE IMPULSO;30140;B6709;TRABAJO PENITENCIARIO Y FORMACION;Colectividades;CENTROS PENITENCIARIOS/EDUCATI;14/07/2010;11/09/2025;17;0;17;0;0;
2866;LORCA;80;JUAN LUIS GALLEGO ;401373192;TURKO 24 HORAS;32352;;;Varios;VARIOS/OTROS NO CLASIFICABLES;01/12/2023;08/05/2026;3;0;3;0;0;
2866;LORCA;80;JUAN LUIS GALLEGO ;401358602;CAFETERIA NOMAR;32609;;;Bares y Cafeter¡as;BAR Y CAFETERIA;01/05/2023;02/05/2026;1;0;1;0;0;
2866;LORCA;80;JUAN LUIS GALLEGO ;401358600;CAFETERIA Q, CAFE;32608;;;Bares y Cafeter¡as;BAR Y CAFETERIA;01/05/2023;02/05/2026;1;0;1;0;0;
2866;LORCA;80;JUAN LUIS GALLEGO ;401355022;RESTAURANTE JAPONES;32579;;;Restaurantes;RESTAURANTES (NO INCLUYE CHINO;24/04/2023;08/05/2026;1;1;0;0;0;
2866;LORCA;80;JUAN LUIS GALLEGO ;401351526;GELATERIA RETAMAR;31058;;;Ocio;HELADERIAS/HORCHATERIAS;01/03/2023;13/05/2026;2;0;1;1;0;
2866;LORCA;80;JUAN LUIS GALLEGO ;401348372;PK™ DULCE Y SALADO CENTRO;32503;000015235;PKO 24 HORAS;Conveniencia;PASTELERIAS/PANADERIAS/FRUTERI;01/02/2023;12/05/2026;2;1;1;0;0;
2866;LORCA;80;JUAN LUIS GALLEGO ;401335995;HOTEL LA ENVIA GOLF;31673;;;Hoteles y Hostales;HOTELES Y HOSTALES;01/06/2022;12/05/2026;3;0;3;0;0;
2866;LORCA;80;JUAN LUIS GALLEGO ;401321766;TIENDA NOVA 18;32125;;;Varios;VARIOS/OTROS NO CLASIFICABLES;29/11/2021;28/04/2026;1;1;0;0;0;
2866;LORCA;80;JUAN LUIS GALLEGO ;401305726;HOTEL MOON;32082;000016275;HOTEL MOON;Hoteles y Hostales;HOTELES Y HOSTALES;22/02/2021;28/04/2026;2;0;2;0;0;
2866;LORCA;80;JUAN LUIS GALLEGO ;401288252;E.S.REPSOL BOCA RIO 13345;39529;;;Conveniencia;ESTACIONES DE SERVICIO / GASOL;02/03/2020;28/04/2026;1;1;0;0;0;
2866;LORCA;80;JUAN LUIS GALLEGO ;401286394;LA PERGOLA;31925;000013239;SODA/MARQUESINA;Bares y Cafeter¡as;BAR Y CAFETERIA;10/02/2020;12/05/2026;3;1;2;0;0;
2866;LORCA;80;JUAN LUIS GALLEGO ;401285455;MERENDERO TIO PEPE;32433;000015725;HELADERIA CAPRICHOSA;Restaurantes;RESTAURANTES (NO INCLUYE CHINO;03/02/2020;09/05/2026;3;0;3;0;0;
2866;LORCA;80;JUAN LUIS GALLEGO ;401268511;HOTEL AR ALMERIMAR;31804;000015244;QUANTUM ASOCIADOS;Hoteles y Hostales;HOTELES Y HOSTALES;29/04/2019;12/05/2026;6;0;6;0;0;
2866;LORCA;80;JUAN LUIS GALLEGO ;401263399;TABERNA DOMI;31112;;;Bares y Cafeter¡as;BAR Y CAFETERIA;11/03/2019;08/05/2026;1;0;1;0;0;
2866;LORCA;80;JUAN LUIS GALLEGO ;401250559;BAR EL BARRO;32741;;;Restaurantes;RESTAURANTES (NO INCLUYE CHINO;12/11/2018;12/05/2026;1;0;1;0;0;
2866;LORCA;80;JUAN LUIS GALLEGO ;401236977;CHIRINGUITO LA ORILLA;31005;000019237;CHIRINGUITO LA ORILLA;Ocio;CHIRINGUITOS DE PLAYA/MERENDER;23/04/2018;11/05/2026;2;0;2;0;0;
2866;LORCA;80;JUAN LUIS GALLEGO ;401226415;HELADERIA LA INDIA CENTRO;30824;000014233;LA INDIA;Ocio;HELADERIAS/HORCHATERIAS;10/01/2018;13/05/2026;8;0;5;3;0;
2866;LORCA;80;JUAN LUIS GALLEGO ;401202163;HELADERIA QUINTO PINO;31912;000015856;QUINTO PINO;Ocio;HELADERIAS/HORCHATERIAS;04/04/2017;12/05/2026;3;0;3;0;0;
2866;LORCA;80;JUAN LUIS GALLEGO ;401180418;MARIOPARK;30056;000017675;PARQUES UNIDOS ANDALUCIA;Ocio;PARQUE DE ATRACCIONES/PARQUES ;03/05/2007;23/09/2025;9;1;7;1;0;
2866;LORCA;80;JUAN LUIS GALLEGO ;401180360;LOS DOMINGUEZ RESTAURANTE;32736;;;Restaurantes;RESTAURANTES (NO INCLUYE CHINO;21/03/2006;02/05/2026;1;0;1;0;0;
2866;LORCA;80;JUAN LUIS GALLEGO ;401180267;BUR POLLO HAMBURGUESERIA;30611;;;Conveniencia;COMIDA PREPARADA/ASADORES DE P;31/03/2004;12/05/2026;1;1;0;0;0;
2866;LORCA;80;JUAN LUIS GALLEGO ;401180244;CHIRING. FLAMINGO PACO;30592;;;Ocio;CHIRINGUITOS DE PLAYA/MERENDER;30/04/2002;12/05/2026;4;1;3;0;0;
2866;LORCA;80;JUAN LUIS GALLEGO ;401427720;FRUTERIA COSTA AFRICA;31964;;;Varios;VARIOS/OTROS NO CLASIFICABLES;04/05/2026;13/05/2026;1;0;1;0;0;
2866;LORCA;80;JUAN LUIS GALLEGO ;401424955;RTE. BUFFET LIBRE NAGOYA;32809;;;Restaurantes;RESTAURANTES (NO INCLUYE CHINO;06/04/2026;06/05/2026;1;0;1;0;0;
2866;LORCA;80;JUAN LUIS GALLEGO ;401414076;24 HORAS DULCE MENTA;32137;;;Impulso Tradicional;TIENDAS DE CHUCHERIAS/FRUTOS S;01/10/2025;13/05/2026;4;1;3;0;0;
2866;LORCA;80;JUAN LUIS GALLEGO ;401406920;12633 E.S.CASI SAN ISIDRO;39560;;;Conveniencia;ESTACIONES DE SERVICIO / GASOL;01/05/2025;20/08/2025;1;0;1;0;0;
2866;LORCA;80;JUAN LUIS GALLEGO ;401403410;PKO 24 HORAS INFIERNO;32762;000015235;PKO 24 HORAS;Conveniencia;PASTELERIAS/PANADERIAS/FRUTERI;01/04/2025;21/04/2026;1;1;0;0;0;
2866;LORCA;02;BARTOLO .;866012910;PADILLA, MERENDERO;2910;000002879;MERENDERO PADILLA;Ocio;CHIRINGUITOS DE PLAYA/MERENDER;01/01/1998;13/05/2026;5;2;3;0;0;
2866;LORCA;02;BARTOLO .;866012001;LORQUINO, MESON;5933;;;Restaurantes;RESTAURANTES (NO INCLUYE CHINO;01/01/1998;07/05/2026;2;0;2;0;0;
2866;LORCA;02;BARTOLO .;866011509;BAR CASINO;10176;;;Bares y Cafeter¡as;BAR Y CAFETERIA;24/01/2006;21/04/2026;1;0;1;0;0;
2866;LORCA;02;BARTOLO .;866011484;BAR LOZANO;1484;;;Bares y Cafeter¡as;BAR Y CAFETERIA;03/01/2007;05/05/2026;2;0;2;0;0;
2866;LORCA;02;BARTOLO .;401297129;SUPER CERVANTES;8993;;;Hogar;SUPERMERCADOS CON 2 O MAS CAJA;20/07/2020;31/07/2025;1;0;1;0;0;
2866;LORCA;02;BARTOLO .;401287470;MULTIPRECIO SUPER OCHO;9385;;;Hogar;SUPERMERCADOS CON 2 O MAS CAJA;20/02/2020;09/05/2026;1;0;1;0;0;
2866;LORCA;02;BARTOLO .;401274673;COMIDAS LLEVAR LA CAZUELA;6154;;;Conveniencia;COMIDA PREPARADA/ASADORES DE P;24/06/2019;19/09/2025;1;0;1;0;0;
2866;LORCA;02;BARTOLO .;401238415;ALIMENTACION BUEN DIA;8191;;;Conveniencia;TIENDA DE ALIMENTACION ETNICA ;03/05/2018;30/04/2026;1;0;1;0;0;
2866;LORCA;02;BARTOLO .;401232638;HOTEL JARDINES DE LA SANT;8136;000015244;QUANTUM ASOCIADOS;Hoteles y Hostales;HOTELES Y HOSTALES;07/03/2018;07/05/2026;2;0;2;0;0;
2866;LORCA;02;BARTOLO .;401220492;SINERGIA DIESEL;8098;;;Conveniencia;ESTACIONES DE SERVICIO / GASOL;13/11/2017;08/05/2026;1;0;1;0;0;
2866;LORCA;02;BARTOLO .;401203791;SUPERMERCADO ALAMO;1116;;;Hogar;SUPERMERCADOS CON 2 O MAS CAJA;18/04/2017;26/03/2026;1;0;1;0;0;
2866;LORCA;02;BARTOLO .;401377171;ALIMENTACION XU;5701;000019069;ALIMENTACION XU;Conveniencia;TIENDA DE ALIMENTACION ETNICA ;01/02/2024;26/02/2026;1;0;1;0;0;
2866;LORCA;02;BARTOLO .;401376685;BAR CABRERA;5877;;;Bares y Cafeter¡as;BAR Y CAFETERIA;01/02/2024;03/03/2026;1;0;1;0;0;
2866;LORCA;02;BARTOLO .;401376566;HIPER NUEVO ORIENTE;5649;;;Varios;VARIOS/OTROS NO CLASIFICABLES;01/02/2024;14/03/2026;1;0;1;0;0;
2866;LORCA;02;BARTOLO .;401366715;PAK SUPERMERCADOS;8356;;;Conveniencia;TIENDA DE ALIMENTACION ETNICA ;06/11/2023;16/04/2026;1;0;1;0;0;
2866;LORCA;02;BARTOLO .;401363453;HAO HAO BAZAR ALIMENTACIO;8371;;;Conveniencia;TIENDA DE ALIMENTACION ETNICA ;17/07/2023;25/04/2026;1;0;1;0;0;
2866;LORCA;02;BARTOLO .;401353069;CHIRINGUITO;8321;;;Bares y Cafeter¡as;BAR Y CAFETERIA;01/04/2023;27/03/2026;2;0;1;1;0;
2866;LORCA;02;BARTOLO .;401351480;CONFITERIA NAVARRO;8333;;;Conveniencia;PASTELERIAS/PANADERIAS/FRUTERI;01/03/2023;17/07/2025;1;0;0;1;0;
2866;LORCA;02;BARTOLO .;401351406;CLUB DE TENIS LOS ALAMOS;8494;;;Bares y Cafeter¡as;BAR Y CAFETERIA;01/03/2023;17/04/2026;5;0;5;0;0;
2866;LORCA;02;BARTOLO .;401341072;VENTA SAN JULIAN;7563;;;Bares y Cafeter¡as;BAR Y CAFETERIA;01/11/2022;06/05/2026;1;1;0;0;0;
2866;LORCA;02;BARTOLO .;401338632;PAK DONER KEBAB;8959;;;Bares y Cafeter¡as;HAMBURGUESERIA/KEBAB/FAST FOOD;01/07/2022;24/07/2025;1;0;1;0;0;
2866;LORCA;02;BARTOLO .;401329795;SUPERMERCADO LA HOJA;8234;;;Hogar;SUPERMERCADOS CON 2 O MAS CAJA;01/04/2022;02/05/2026;1;0;1;0;0;
2866;LORCA;02;BARTOLO .;401324411;CAFETERIA STUDIO 54;8298;;;Bares y Cafeter¡as;BAR Y CAFETERIA;01/12/2021;17/12/2025;2;0;2;0;0;
2866;LORCA;02;BARTOLO .;401314874;HONGYINN QI;9524;;;Restaurantes;RESTAURANTES (NO INCLUYE CHINO;01/06/2021;04/04/2026;1;0;1;0;0;
2866;LORCA;02;BARTOLO .;401310737;PAK SUPERMERCADOS;8960;;;Conveniencia;TIENDA DE ALIMENTACION ETNICA ;26/04/2021;31/03/2026;1;0;1;0;0;
2866;LORCA;02;BARTOLO .;401310483;BOCATERIA EL TEBEO;7491;;;Bares y Cafeter¡as;BAR Y CAFETERIA;01/04/2021;03/07/2025;1;0;1;0;0;
2866;LORCA;02;BARTOLO .;401307916;ALIMENTACION EL BUEN PREC;8231;;;Conveniencia;TIENDA DE ALIMENTACION ETNICA ;22/03/2021;04/04/2026;1;0;1;0;0;
2866;LORCA;02;BARTOLO .;401307447;CAFETERIA BOX BANK;9500;;;Bares y Cafeter¡as;BAR Y CAFETERIA;15/03/2021;08/05/2026;2;0;1;1;0;
2866;LORCA;02;BARTOLO .;401299204;SUPERMERCADO BP;8229;;;Conveniencia;TIENDA DE ALIMENTACION ETNICA ;28/09/2020;30/04/2026;1;0;1;0;0;
2866;LORCA;02;BARTOLO .;866011236;JARDINES DE LORCA, HOTEL;1236;000015244;QUANTUM ASOCIADOS;Hoteles y Hostales;HOTELES Y HOSTALES;01/01/1998;12/05/2026;5;0;5;0;0;
2866;LORCA;02;BARTOLO .;866011186;EST.SERVICIO CIUDAD SOL;1186;000010351;ANDAMUR;Conveniencia;ESTACIONES DE SERVICIO / GASOL;30/05/2001;29/04/2026;1;0;1;0;0;
2866;LORCA;02;BARTOLO .;866011091;BOCATERIA ¥AMPA ZAMPA;1091;;;Restaurantes;RESTAURANTES (NO INCLUYE CHINO;20/04/2005;13/05/2026;3;1;2;0;0;
2866;LORCA;02;BARTOLO .;866010760;BAR LOS GEMELOS;760;;;Bares y Cafeter¡as;BAR Y CAFETERIA;01/01/1998;28/10/2025;2;0;2;0;0;
2866;LORCA;02;BARTOLO .;866010455;E.S. EL SARGENTO;455;8660149;DEGESCO, S.L.;Conveniencia;ESTACIONES DE SERVICIO / GASOL;14/07/1999;20/03/2026;1;0;1;0;0;
2866;LORCA;02;BARTOLO .;866010337;VENTA CRISTOBAL;337;;;Restaurantes;RESTAURANTES (NO INCLUYE CHINO;01/01/1998;06/05/2026;1;0;1;0;0;
2866;LORCA;02;BARTOLO .;866010215;ESTACION DE SERV.EUROPA;215;8660149;DEGESCO, S.L.;Conveniencia;ESTACIONES DE SERVICIO / GASOL;30/04/1999;17/04/2026;1;0;1;0;0;
2866;LORCA;02;BARTOLO .;866010087;LA ANTORCHA, PIZZERIA;87;8660136;PAREDES QUI¥ONERO;Restaurantes;RESTAURANTES (NO INCLUYE CHINO;01/01/1998;24/04/2026;1;1;0;0;0;
2866;LORCA;02;BARTOLO .;401426508;EL TEMPLO;10441;;;Bares y Cafeter¡as;BAR Y CAFETERIA;20/04/2026;;2;0;0;2;0;
2866;LORCA;02;BARTOLO .;401426176;KIOSCO TERCIA;10220;;;Impulso Tradicional;KIOSCO FIJO (NO PROPIEDAD NEST;13/04/2026;08/05/2026;2;1;0;1;0;
2866;LORCA;02;BARTOLO .;401426143;PANADERIA CAMPILLO;10009;;;Conveniencia;PASTELERIAS/PANADERIAS/FRUTERI;13/04/2026;24/04/2026;1;0;1;0;0;
2866;LORCA;02;BARTOLO .;401425877;BAZAR ALIMENTACION LOS HE;10434;;;Conveniencia;TIENDA DE ALIMENTACION ETNICA ;13/04/2026;22/04/2026;2;0;2;0;0;
2866;LORCA;02;BARTOLO .;401425876;HELADERIA MUSSOS;10433;;;Ocio;HELADERIAS/HORCHATERIAS;01/04/2026;29/04/2026;1;0;0;1;0;
2866;LORCA;02;BARTOLO .;401424326;RESTAURANTE CIUDAD DEL SO;2612;;;Restaurantes;RESTAURANTES (NO INCLUYE CHINO;26/03/2026;06/05/2026;1;0;1;0;0;
2866;LORCA;02;BARTOLO .;401422201;BAR GEMINIS;10396;;;Bares y Cafeter¡as;BAR Y CAFETERIA;02/03/2026;20/03/2026;1;0;1;0;0;
2866;LORCA;02;BARTOLO .;401421380;MARKET DELICIAS NONI;10380;;;Conveniencia;TIENDA DE ALIMENTACION ETNICA ;23/02/2026;09/05/2026;1;0;1;0;0;
2866;LORCA;02;BARTOLO .;401420782;RESTAURANTE LA PATRONA;6489;;;Restaurantes;RESTAURANTES (NO INCLUYE CHINO;01/02/2026;13/05/2026;1;1;0;0;0;
2866;LORCA;02;BARTOLO .;401420696;RESTAURANTE VENTARIQUE;7605;;;Restaurantes;RESTAURANTES (NO INCLUYE CHINO;01/02/2026;13/05/2026;1;0;1;0;0;
2866;LORCA;02;BARTOLO .;401417252;WOK SUSHI TORO ;10215;;;Bares y Cafeter¡as;BAR Y CAFETERIA;01/12/2025;08/05/2026;2;1;1;0;0;
2866;LORCA;02;BARTOLO .;401417160;TOSTADELIA;9654;;;Bares y Cafeter¡as;BAR Y CAFETERIA;01/11/2025;07/02/2026;4;0;3;1;0;
2866;LORCA;02;BARTOLO .;401415364;CLUB DEPORTIVO TORRE DEL ;10445;;;Varios;VARIOS/OTROS NO CLASIFICABLES;01/10/2025;02/05/2026;1;0;1;0;0;
2866;LORCA;02;BARTOLO .;401414364;LOS ANGELES AAVV;8442;;;Varios;VARIOS/OTROS NO CLASIFICABLES;01/10/2025;;1;0;1;0;0;
2866;LORCA;02;BARTOLO .;401413477;ANTOJITOS VALLUNO;10013;;;Hogar;SUPERMERCADOS CON 2 O MAS CAJA;01/08/2025;30/04/2026;2;0;1;1;0;
2866;LORCA;02;BARTOLO .;401413224;TODO MARKET ALIMEN.EUROPA;10047;;;Conveniencia;TIENDA DE ALIMENTACION ETNICA ;01/08/2025;09/03/2026;1;0;1;0;0;
2866;LORCA;02;BARTOLO .;401412493;BAR MEDIEVAL;10011;;;Bares y Cafeter¡as;BAR Y CAFETERIA;01/07/2025;12/05/2026;2;0;2;0;0;
2866;LORCA;02;BARTOLO .;401405515;CENTRO SOCIAL COY;10002;;;Varios;VARIOS/OTROS NO CLASIFICABLES;01/04/2025;12/05/2026;1;0;1;0;0;
2866;LORCA;02;BARTOLO .;401405142;E.S.P.I.SAPRELORCA HNOS.M;9659;;;Conveniencia;ESTACIONES DE SERVICIO / GASOL;01/04/2025;10/04/2026;1;0;1;0;0;
2866;LORCA;02;BARTOLO .;401404040;FRATELLO'S NEOTABERNA;9671;;;Bares y Cafeter¡as;BAR Y CAFETERIA;01/04/2025;07/05/2026;1;0;1;0;0;
2866;LORCA;02;BARTOLO .;401403327;ALIMENTACION LIN;7278;;;Conveniencia;TIENDA DE ALIMENTACION ETNICA ;01/04/2025;02/04/2025;1;0;1;0;0;
2866;LORCA;02;BARTOLO .;401402410;ALIMENTACION XU TEATRO GU;9653;000019069;ALIMENTACION XU;Conveniencia;TIENDA DE ALIMENTACION ETNICA ;01/03/2025;09/03/2026;1;0;1;0;0;
2866;LORCA;02;BARTOLO .;401400565;EL ARTE CENTRO;9635;000018993;EL ARTE ALMENARA;Bares y Cafeter¡as;BAR Y CAFETERIA;01/02/2025;13/05/2026;5;1;2;2;0;
2866;LORCA;02;BARTOLO .;401400564;EL ARTE ALMENARA;9634;000018993;EL ARTE ALMENARA;Bares y Cafeter¡as;BAR Y CAFETERIA;01/02/2025;12/05/2026;9;0;8;1;0;
2866;LORCA;02;BARTOLO .;401390554;CLUB PETANCA SAN DIEGO;9026;;;Bares y Cafeter¡as;BAR Y CAFETERIA;01/07/2024;24/07/2025;1;0;1;0;0;
2866;LORCA;02;BARTOLO .;401381433;EL CHIRINGUITO MARIA;8452;000018356;CHIRINGUITO VELEZ BLANCO/;Ocio;CHIRINGUITOS DE PLAYA/MERENDER;01/04/2024;08/05/2026;7;1;5;1;0;
2866;LORCA;02;BARTOLO .;401380608;BAR CHAPIRELA;8441;;;Bares y Cafeter¡as;BAR Y CAFETERIA;01/04/2024;09/05/2026;2;0;2;0;0;
2866;LORCA;02;BARTOLO .;401379413;RESTAURANTE ALAMEDA;8436;;;Restaurantes;RESTAURANTES (NO INCLUYE CHINO;01/03/2024;05/06/2025;2;0;2;0;0;
2866;LORCA;02;BARTOLO .;401377885;TRADY`S LORCA;5970;;;Bares y Cafeter¡as;BAR Y CAFETERIA;26/02/2024;09/05/2026;1;0;1;0;0;
2866;LORCA;02;BARTOLO .;401377722;CANDY SHOP;8569;;;Impulso Tradicional;TIENDAS DE CHUCHERIAS/FRUTOS S;01/02/2024;19/02/2026;1;0;1;0;0;
2866;LORCA;02;BARTOLO .;401377250;BAR EL SIBARITA;9463;;;Bares y Cafeter¡as;BAR Y CAFETERIA;12/02/2024;12/05/2026;1;0;1;0;0;
2866;LORCA;02;BARTOLO .;401178283;BAR MANILO;993;;;Bares y Cafeter¡as;BAR Y CAFETERIA;10/08/2016;12/05/2026;1;0;1;0;0;
2866;LORCA;02;BARTOLO .;401171004;CHIRINGUITO EL MARINERO;7781;;;Ocio;CHIRINGUITOS DE PLAYA/MERENDER;01/06/2016;08/05/2026;5;2;3;0;0;
2866;LORCA;02;BARTOLO .;401120562;SUPERMERCADO BD;8230;;;Conveniencia;TIENDA DE ALIMENTACION ETNICA ;16/03/2015;13/04/2026;2;0;2;0;0;
2866;LORCA;02;BARTOLO .;401091614;MANCIO;3428;;;Conveniencia;TIENDA DE ALIMENTACION ETNICA ;01/07/2014;12/05/2026;1;0;1;0;0;
2866;LORCA;02;BARTOLO .;401080515;E.S. LA CAMPANA;9660;8660194;ESTACION DE SERV.MUNUERA;Conveniencia;ESTACIONES DE SERVICIO / GASOL;11/04/2014;02/05/2025;1;0;1;0;0;
2866;LORCA;02;BARTOLO .;401067282;CAFE ROIS;6778;;;Bares y Cafeter¡as;BAR Y CAFETERIA;14/01/2014;08/05/2026;1;0;1;0;0;
2866;LORCA;02;BARTOLO .;401029892;CAFETERIA TURQUESA;3563;;;Bares y Cafeter¡as;BAR Y CAFETERIA;26/03/2013;25/03/2026;1;0;1;0;0;
2866;LORCA;02;BARTOLO .;401025018;ALIMENTACION EUROPA;7977;;;Conveniencia;TIENDA DE ALIMENTACION ETNICA ;11/02/2013;26/03/2026;1;0;1;0;0;
2866;LORCA;02;BARTOLO .;400997719;BAR ROMERA;710;;;Bares y Cafeter¡as;BAR Y CAFETERIA;07/05/2012;05/05/2026;2;0;2;0;0;
2866;LORCA;02;BARTOLO .;400990782;BAR EL PARQUE;3184;;;Bares y Cafeter¡as;BAR Y CAFETERIA;21/03/2012;13/05/2026;3;0;3;0;0;
2866;LORCA;02;BARTOLO .;400959979;CAFETERIA ZAPPING;1215;8660136;PAREDES QUI¥ONERO;Bares y Cafeter¡as;BAR Y CAFETERIA;04/05/2011;30/04/2026;2;0;2;0;0;
2866;LORCA;02;BARTOLO .;400930248;HELADERIA VENECIA;10444;;;Ocio;HELADERIAS/HORCHATERIAS;14/06/2010;08/05/2026;1;0;1;0;0;
2866;LORCA;03;MARTIN MANCHON;401407339;ZIZOU PASTEL;9191;;;Conveniencia;PASTELERIAS/PANADERIAS/FRUTERI;01/05/2025;13/05/2026;2;0;1;1;0;
2866;LORCA;03;MARTIN MANCHON;401403220;CHIRINGUITO BOA BEACH;6021;;;Bares y Cafeter¡as;BAR Y CAFETERIA;01/04/2025;05/05/2026;2;0;2;0;0;
2866;LORCA;03;MARTIN MANCHON;401399253;BARRA 6;7282;;;Bares y Cafeter¡as;BAR Y CAFETERIA;20/01/2025;27/12/2025;1;0;1;0;0;
2866;LORCA;03;MARTIN MANCHON;401388300;CHIRINGUITO MISKO;9178;000008918;CANAL NAUTICO;Ocio;CHIRINGUITOS DE PLAYA/MERENDER;01/06/2024;26/08/2025;1;0;1;0;0;
2866;LORCA;03;MARTIN MANCHON;401237358;COMIDAS CASERAS EVAMAR;8111;;;Conveniencia;COMIDA PREPARADA/ASADORES DE P;23/04/2018;24/03/2026;1;0;1;0;0;
2866;LORCA;03;MARTIN MANCHON;401233444;CHIRINGUITO ESTRELLA MAR;7589;;;Bares y Cafeter¡as;BAR Y CAFETERIA;15/03/2018;08/05/2026;2;1;1;0;0;
2866;LORCA;03;MARTIN MANCHON;401232191;TRIFULA RISTORANTE BAR;9355;;;Bares y Cafeter¡as;BAR Y CAFETERIA;01/03/2018;07/03/2026;1;0;1;0;0;
2866;LORCA;03;MARTIN MANCHON;401205562;TUMAKA;9344;;;Bares y Cafeter¡as;BAR Y CAFETERIA;03/05/2017;12/05/2026;1;0;1;0;0;
2866;LORCA;03;MARTIN MANCHON;401204039;EXPO BAR;7838;;;Bares y Cafeter¡as;BAR Y CAFETERIA;20/04/2017;05/05/2026;1;0;1;0;0;
2866;LORCA;03;MARTIN MANCHON;401198805;E.S. ANIBAL MATALENTISCO;8336;;;Conveniencia;ESTACIONES DE SERVICIO / GASOL;08/03/2017;05/05/2026;1;0;1;0;0;
2866;LORCA;03;MARTIN MANCHON;401182674;BAR MARCOS;7899;;;Restaurantes;RESTAURANTES (NO INCLUYE CHINO;12/12/2016;08/04/2026;1;0;1;0;0;
2866;LORCA;03;MARTIN MANCHON;401384448;RESTAUR.PARRILA LOS 60;8449;;;Restaurantes;RESTAURANTES (NO INCLUYE CHINO;01/05/2024;07/05/2026;1;0;1;0;0;
2866;LORCA;03;MARTIN MANCHON;401383718;CARREFOUR EXP MAR DE PULP;70077;B6819;CARREFOUR EXPRESS;Hogar;SUPERMERCADOS CON 2 O MAS CAJA;01/04/2024;29/08/2025;1;0;1;0;0;
2866;LORCA;03;MARTIN MANCHON;401383699;TIJUANA BURGUER S.L.;8450;000008918;CANAL NAUTICO;Bares y Cafeter¡as;BAR Y CAFETERIA;01/04/2024;30/04/2026;3;1;2;0;0;
2866;LORCA;03;MARTIN MANCHON;401379994;TAPERIA LAUMAR;8438;;;Bares y Cafeter¡as;BAR Y CAFETERIA;18/03/2024;30/04/2026;3;0;3;0;0;
2866;LORCA;03;MARTIN MANCHON;401379397;CHIRINGUITO HENROK;3607;000008918;CANAL NAUTICO;Ocio;CHIRINGUITOS DE PLAYA/MERENDER;01/03/2024;28/04/2026;2;0;2;0;0;
2866;LORCA;03;MARTIN MANCHON;401376166;RTE.CHINO GRAN MUNDO;8425;;;Restaurantes;RESTAURANTES CHINOS;01/02/2024;05/05/2026;1;0;1;0;0;
2866;LORCA;03;MARTIN MANCHON;401373091;CAFETERIA BISOU;2267;;;Bares y Cafeter¡as;BAR Y CAFETERIA;01/12/2023;18/04/2026;1;0;1;0;0;
2866;LORCA;03;MARTIN MANCHON;401363704;RESTAURANTE ORIENTE;8345;;;Restaurantes;RESTAURANTES (NO INCLUYE CHINO;01/07/2023;06/05/2026;1;1;0;0;0;
2866;LORCA;03;MARTIN MANCHON;401352199;BAR EL ENCUENTRO;9570;;;Bares y Cafeter¡as;BAR Y CAFETERIA;01/03/2023;12/05/2026;2;0;2;0;0;
2866;LORCA;03;MARTIN MANCHON;401350318;CHIRINGUITO MAR RABIOSA;3528;000017515;CHIRINGUITO MAR  RABIOSA;Ocio;CHIRINGUITOS DE PLAYA/MERENDER;01/03/2023;08/05/2026;5;1;3;1;0;
2866;LORCA;03;MARTIN MANCHON;401350167;RESTAURANTE DUEM'OS;8965;;;Ocio;CAMPING/PISCINAS/POLIDEPORTIVO;01/03/2023;07/05/2026;1;0;1;0;0;
2866;LORCA;03;MARTIN MANCHON;401314945;KIOSCO PLAZA ROBLES VIVES;10315;;;Impulso Tradicional;KIOSCO FIJO (NO PROPIEDAD NEST;01/06/2021;12/05/2026;3;0;2;1;0;
2866;LORCA;03;MARTIN MANCHON;401305758;ASADOR ISLA DEL FRAILE;9428;;;Restaurantes;RESTAURANTES (NO INCLUYE CHINO;15/02/2021;24/04/2026;1;0;1;0;0;
2866;LORCA;03;MARTIN MANCHON;401274656;RESTAURANTE MAXCALY;8340;;;Restaurantes;RESTAURANTES (NO INCLUYE CHINO;24/06/2019;28/03/2026;4;0;3;1;0;
2866;LORCA;03;MARTIN MANCHON;401269307;KIOSCO LA BAHIA;9263;;;Impulso Tradicional;KIOSCO FIJO (NO PROPIEDAD NEST;06/05/2019;08/05/2026;1;0;1;0;0;
2866;LORCA;03;MARTIN MANCHON;401265512;CAFETERIA HELADERIA OCEAN;9105;000009250;FELIPA;Bares y Cafeter¡as;BAR Y CAFETERIA;01/04/2019;28/04/2026;2;0;2;0;0;
2866;LORCA;03;MARTIN MANCHON;401265461;ALIMENTACION Y MULTIPRECI;9214;;;Conveniencia;TIENDA DE ALIMENTACION ETNICA ;01/04/2019;11/04/2026;1;0;1;0;0;
2866;LORCA;03;MARTIN MANCHON;401245032;BAHIANA CAFE HELADERIA;9597;;;Bares y Cafeter¡as;BAR Y CAFETERIA;02/07/2018;12/05/2026;6;0;4;2;0;
2866;LORCA;03;MARTIN MANCHON;401175569;CHIRINGUITO LUNA BEACH;7813;;;Ocio;CHIRINGUITOS DE PLAYA/MERENDER;01/07/2016;30/08/2025;1;0;1;0;0;
2866;LORCA;03;MARTIN MANCHON;401171820;CHIRINGUITO PONIENTE;5254;000012938;CABA¥A Y CALDERON;Ocio;CHIRINGUITOS DE PLAYA/MERENDER;03/06/2016;28/08/2025;6;0;6;0;0;
2866;LORCA;03;MARTIN MANCHON;401168539;CAFETERIA BAMBOO;10358;;;Bares y Cafeter¡as;BAR Y CAFETERIA;10/05/2016;13/05/2026;2;0;1;1;0;
2866;LORCA;03;MARTIN MANCHON;401160768;RESTAURANTE NAUTICO;7100;000003793;LA TASCA;Restaurantes;RESTAURANTES (NO INCLUYE CHINO;04/03/2016;23/04/2026;2;0;2;0;0;
2866;LORCA;03;MARTIN MANCHON;401136362;TERRAZA DELICIAS;7523;;;Bares y Cafeter¡as;BAR Y CAFETERIA;27/07/2015;04/09/2025;1;0;1;0;0;
2866;LORCA;03;MARTIN MANCHON;401129562;CHIRINGUITO LAS DELICIAS;6907;;;Impulso Tradicional;KIOSCO FIJO (NO PROPIEDAD NEST;20/05/2015;04/09/2025;3;0;3;0;0;
2866;LORCA;03;MARTIN MANCHON;401117598;BAR LA FRONTERA;8307;;;Bares y Cafeter¡as;BAR Y CAFETERIA;03/02/2015;12/05/2026;4;1;3;0;0;
2866;LORCA;03;MARTIN MANCHON;401012054;TIENDA CHINA;3327;8660172;FERNANDEZ TORREGLOSA;Varios;VARIOS/OTROS NO CLASIFICABLES;02/07/2012;14/04/2026;1;0;1;0;0;
2866;LORCA;03;MARTIN MANCHON;400987369;RTE.CHINO FU ZAOU CHAOU;9283;000007710;ALIMENTACION FULE;Restaurantes;RESTAURANTES CHINOS;28/02/2012;12/05/2026;1;1;0;0;0;
2866;LORCA;03;MARTIN MANCHON;400974461;24 HORAS EL BUDA;7540;;;Conveniencia;TIENDA DE ALIMENTACION ETNICA ;24/11/2011;13/05/2026;1;0;1;0;0;
2866;LORCA;03;MARTIN MANCHON;400970568;RECEPCION TIENDA CAMPING;2123;000003793;LA TASCA;Ocio;CAMPING/PISCINAS/POLIDEPORTIVO;27/07/2011;07/04/2026;1;0;1;0;0;
2866;LORCA;03;MARTIN MANCHON;400962768;PAND.PEREZ MAR RABIOSA;1581;000006866;PANAD.PASTELERIA PEREZ;Conveniencia;PASTELERIAS/PANADERIAS/FRUTERI;24/05/2011;08/08/2025;1;0;1;0;0;
2866;LORCA;03;MARTIN MANCHON;400918477;CASA PEPE;7122;000011776;BAR CASA PEPE;Restaurantes;RESTAURANTES (NO INCLUYE CHINO;02/04/2010;22/04/2026;1;0;1;0;0;
2866;LORCA;03;MARTIN MANCHON;400851267;KIOSCO CALABARDINA;4078;000004174;JOSE CAMPOS;Ocio;CHIRINGUITOS DE PLAYA/MERENDER;23/06/2009;09/09/2025;4;0;4;0;0;
2866;LORCA;03;MARTIN MANCHON;400820212;FRANKFURT MOR MAR;4162;;;Restaurantes;RESTAURANTES (NO INCLUYE CHINO;04/12/2008;08/05/2026;5;1;4;0;0;
2866;LORCA;03;MARTIN MANCHON;400806432;PENSION RTE.VENTA TEBAR;8204;;;Restaurantes;RESTAURANTES (NO INCLUYE CHINO;05/06/2008;06/03/2026;3;0;3;0;0;
2866;LORCA;03;MARTIN MANCHON;866015969;DELFIN 1, HELADERIA;5969;;;Ocio;HELADERIAS/HORCHATERIAS;28/02/1998;06/05/2026;3;0;3;0;0;
2866;LORCA;03;MARTIN MANCHON;866015939;CAFE BAR LOS CA¥OS;3200;;;Bares y Cafeter¡as;BAR Y CAFETERIA;18/06/2003;06/05/2026;2;1;1;0;0;
2866;LORCA;03;MARTIN MANCHON;866015811;CHIRINGUITO CANAL NAUTICO;9636;000008918;CANAL NAUTICO;Ocio;CHIRINGUITOS DE PLAYA/MERENDER;27/04/2004;12/05/2026;3;0;3;0;0;
2866;LORCA;03;MARTIN MANCHON;866015670;ESTACION DE SERVICIO GOS;5670;8660149;DEGESCO, S.L.;Conveniencia;ESTACIONES DE SERVICIO / GASOL;22/03/2005;20/03/2026;1;0;1;0;0;
2866;LORCA;03;MARTIN MANCHON;866014313;MAR SERENA, KIOSCO;8348;;;Ocio;CHIRINGUITOS DE PLAYA/MERENDER;18/01/1998;12/05/2026;4;1;3;0;0;
2866;LORCA;03;MARTIN MANCHON;866011106;MESON PEPA;7939;8660159;MESON PEPA Y GALDEANO, S.;Restaurantes;RESTAURANTES (NO INCLUYE CHINO;01/01/1998;13/05/2026;7;2;5;0;0;
2866;LORCA;03;MARTIN MANCHON;866010858;CALABARDINA, RTE;858;000004174;JOSE CAMPOS;Restaurantes;RESTAURANTES (NO INCLUYE CHINO;01/01/1998;08/05/2026;3;0;3;0;0;
2866;LORCA;03;MARTIN MANCHON;866010522;SUPERMERCADO PEPA;8031;8660159;MESON PEPA Y GALDEANO, S.;Hogar;SUPERMERCADOS CON 2 O MAS CAJA;22/03/2000;13/05/2026;2;0;2;0;0;
2866;LORCA;03;MARTIN MANCHON;401421846;HELADERIA BETTY;10387;;;Ocio;HELADERIAS/HORCHATERIAS;01/03/2026;12/05/2026;1;0;1;0;0;
2866;LORCA;03;MARTIN MANCHON;401408600;PENSION PLAYA TERREROS;10031;;;Hoteles y Hostales;HOTELES Y HOSTALES;02/06/2025;01/07/2025;2;0;1;1;0;
2866;LORCA;05;JOSE SANCHEZ;866015992;E.S. EL PARETON 6430;5992;;;Conveniencia;ESTACIONES DE SERVICIO / GASOL;04/03/2002;29/04/2026;1;0;1;0;0;
2866;LORCA;05;JOSE SANCHEZ;866015121;MULTIOCIO PARK;5121;;;Bares y Cafeter¡as;BAR Y CAFETERIA;09/01/2007;23/04/2026;1;0;1;0;0;
2866;LORCA;05;JOSE SANCHEZ;866014229;LA PERDIZ CASA FORESTAL;4229;8660147;EL BERRO;Restaurantes;RESTAURANTES (NO INCLUYE CHINO;01/01/1998;08/05/2026;3;0;3;0;0;
2866;LORCA;05;JOSE SANCHEZ;401331425;BAR FUENTES;8077;;;Bares y Cafeter¡as;BAR Y CAFETERIA;01/05/2022;30/03/2026;1;0;1;0;0;
2866;LORCA;05;JOSE SANCHEZ;401313510;RESTAURANTE RINCON DEL RE;8704;;;Restaurantes;RESTAURANTES (NO INCLUYE CHINO;24/05/2021;21/04/2026;1;0;1;0;0;
2866;LORCA;05;JOSE SANCHEZ;401310971;CAFE TUMAR;9485;;;Bares y Cafeter¡as;BAR Y CAFETERIA;29/04/2021;16/04/2026;1;0;1;0;0;
2866;LORCA;05;JOSE SANCHEZ;401307283;HOGAR LIBRILLA;8853;;;Varios;VARIOS/OTROS NO CLASIFICABLES;12/03/2021;13/05/2026;1;0;1;0;0;
2866;LORCA;05;JOSE SANCHEZ;401293865;CASA DE LA CULTURA;8799;;;Bares y Cafeter¡as;BAR Y CAFETERIA;01/06/2020;12/05/2026;1;0;1;0;0;
2866;LORCA;05;JOSE SANCHEZ;401245935;RESTAURANTE DOS HERMANAS;8166;;;Restaurantes;RESTAURANTES (NO INCLUYE CHINO;09/07/2018;13/05/2026;1;1;0;0;0;
2866;LORCA;05;JOSE SANCHEZ;401237360;BAR LA VI¥A;3975;;;Bares y Cafeter¡as;BAR Y CAFETERIA;23/04/2018;30/04/2026;1;0;1;0;0;
2866;LORCA;05;JOSE SANCHEZ;866012646;ESTACION DE SERV,VILLASOL;2646;8660149;DEGESCO, S.L.;Conveniencia;ESTACIONES DE SERVICIO / GASOL;25/03/2003;07/04/2026;1;0;1;0;0;
2866;LORCA;05;JOSE SANCHEZ;866012600;BAR LA PARRA;2600;8660147;EL BERRO;Restaurantes;RESTAURANTES (NO INCLUYE CHINO;16/08/1998;19/08/2025;2;0;2;0;0;
2866;LORCA;05;JOSE SANCHEZ;866012136;RESTAURANTE LOS MORENOS;10026;;;Restaurantes;RESTAURANTES (NO INCLUYE CHINO;18/12/2001;12/03/2026;2;0;2;0;0;
2866;LORCA;05;JOSE SANCHEZ;866012092;EST.SERVICIO HNS.BA¥OS;2209;;;Conveniencia;ESTACIONES DE SERVICIO / GASOL;23/10/2001;12/05/2026;1;0;1;0;0;
2866;LORCA;05;JOSE SANCHEZ;866010287;RTE. FUENTE DEL HILO;8851;8660147;EL BERRO;Restaurantes;RESTAURANTES (NO INCLUYE CHINO;19/09/2000;30/04/2026;4;0;4;0;0;
2866;LORCA;05;JOSE SANCHEZ;866010206;BAR LOS CORTIJOS;10394;;;Bares y Cafeter¡as;BAR Y CAFETERIA;01/01/1998;08/05/2026;1;0;1;0;0;
2866;LORCA;05;JOSE SANCHEZ;401425793;SHAMBALA CAFE BAR;10432;;;Bares y Cafeter¡as;BAR Y CAFETERIA;01/04/2026;13/05/2026;1;0;1;0;0;
2866;LORCA;05;JOSE SANCHEZ;401425544;SPAR 59;39571;B6614;GRUPO UPPER SOC.COOP.IMP.H.P;Hogar;SUPERMERCADOS CON 2 O MAS CAJA;13/04/2026;16/04/2026;1;0;1;0;0;
2866;LORCA;05;JOSE SANCHEZ;401407458;BAR RESTAURANTE MARIN;8666;;;Restaurantes;RESTAURANTES (NO INCLUYE CHINO;01/05/2025;12/05/2026;1;0;1;0;0;
2866;LORCA;05;JOSE SANCHEZ;401407274;CAFETERIA LA ABADIA;9535;000004198;BEER & FOOD GRUPO RESTAUR;Bares y Cafeter¡as;BAR Y CAFETERIA;01/05/2025;20/08/2025;1;0;0;1;0;
2866;LORCA;05;JOSE SANCHEZ;401403343;SUPERMERCADO CHARTER;8936;;;Hogar;SUPERMERCADOS CON 2 O MAS CAJA;01/04/2025;08/08/2025;1;0;1;0;0;
2866;LORCA;05;JOSE SANCHEZ;401401136;HOTEL JULIAN***;9102;;;Restaurantes;RESTAURANTES CHINOS;01/03/2025;22/04/2026;1;0;1;0;0;
2866;LORCA;05;JOSE SANCHEZ;401389698;VENTA LOS PINOS;9534;;;Restaurantes;RESTAURANTES (NO INCLUYE CHINO;01/07/2024;21/08/2025;1;0;1;0;0;
2866;LORCA;05;JOSE SANCHEZ;401373979;BAR LA PALESTRA;8366;8660147;EL BERRO;Bares y Cafeter¡as;BAR Y CAFETERIA;18/12/2023;09/04/2026;1;0;1;0;0;
2866;LORCA;05;JOSE SANCHEZ;401364070;RESTAURANTE D'RAZA;8378;;;Restaurantes;RESTAURANTES (NO INCLUYE CHINO;01/08/2023;12/05/2026;1;0;1;0;0;
2866;LORCA;05;JOSE SANCHEZ;401363147;AREA DE SERVICIO AGETRANS;8940;;;Varios;VARIOS/OTROS NO CLASIFICABLES;01/07/2023;12/05/2026;1;0;1;0;0;
2866;LORCA;05;JOSE SANCHEZ;401361024;LA PARADA DE SIERRA ESPU¥;9154;;;Restaurantes;RESTAURANTES (NO INCLUYE CHINO;01/06/2023;09/09/2025;2;0;2;0;0;
2866;LORCA;05;JOSE SANCHEZ;401331926;CAMPING TOTANA;4365;000018587;CAMPING TOTANA;Ocio;CAMPING/PISCINAS/POLIDEPORTIVO;01/05/2022;19/08/2025;5;0;5;0;0;
2866;LORCA;05;JOSE SANCHEZ;401123917;EL CINE BAR;7288;;;Bares y Cafeter¡as;BAR Y CAFETERIA;09/04/2015;25/02/2026;1;0;1;0;0;
2866;LORCA;05;JOSE SANCHEZ;401116147;ACOSTA, BAR;7318;;;Bares y Cafeter¡as;BAR Y CAFETERIA;09/02/2006;30/03/2026;1;0;1;0;0;
2866;LORCA;05;JOSE SANCHEZ;401116126;PAQUITA, COMESTIBLES;3022;;;Conveniencia;PASTELERIAS/PANADERIAS/FRUTERI;24/01/2005;21/04/2026;1;0;1;0;0;
2866;LORCA;05;JOSE SANCHEZ;401106687;CAFE BAR PAPAGAYO;8831;000001516;HEMEROT;Bares y Cafeter¡as;BAR Y CAFETERIA;24/11/2014;13/05/2026;2;0;2;0;0;
2866;LORCA;05;JOSE SANCHEZ;401089070;RESTAURANTE MARQUICOS;2182;;;Restaurantes;RESTAURANTES (NO INCLUYE CHINO;10/06/2014;06/05/2026;1;0;1;0;0;
2866;LORCA;05;JOSE SANCHEZ;401078346;RESTAURANTE EL VALLE;3245;;;Restaurantes;RESTAURANTES (NO INCLUYE CHINO;28/03/2014;06/05/2026;1;0;1;0;0;
2866;LORCA;05;JOSE SANCHEZ;400970112;CAMPING SIERRA ESPU¥A;1697;;;Ocio;CAMPING/PISCINAS/POLIDEPORTIVO;01/07/2011;17/04/2026;3;0;3;0;0;
2866;LORCA;05;JOSE SANCHEZ;400963821;AUTOSERVICIO TOTANA;1563;000010108;AUTOSERVICIO TOTANA;Conveniencia;TIENDA DE ALIMENTACION ETNICA ;27/05/2011;12/05/2026;2;0;2;0;0;
2866;LORCA;05;JOSE SANCHEZ;400936278;AUTOSERVICIO ALIMENTACION;9171;000010108;AUTOSERVICIO TOTANA;Conveniencia;TIENDA DE ALIMENTACION ETNICA ;01/07/2010;12/05/2026;1;0;1;0;0;
2866;LORCA;05;JOSE SANCHEZ;400921587;CAFE BAR SIERRA ESPU¥A;1193;8660147;EL BERRO;Bares y Cafeter¡as;BAR Y CAFETERIA;21/04/2010;28/04/2026;3;0;3;0;0;
2866;LORCA;05;JOSE SANCHEZ;400815082;SUPER AUTOSERVICIO;6460;000010108;AUTOSERVICIO TOTANA;Hogar;SUPERMERCADOS CON 2 O MAS CAJA;27/08/2008;31/03/2026;1;0;1;0;0;
2866;LORCA;13;JOAQUIN GARCIA;401122539;SUPER POLARIS WORLD 813;6440;;;Hogar;SUPERMERCADOS CON 2 O MAS CAJA;28/03/2015;02/05/2026;2;0;2;0;0;
2866;LORCA;13;JOAQUIN GARCIA;401120565;HIPER A7;7363;;;Conveniencia;TIENDA DE ALIMENTACION ETNICA ;16/03/2015;24/04/2026;2;0;2;0;0;
2866;LORCA;13;JOAQUIN GARCIA;401013577;MESON RECREO LOS BOLOS;27611;000004198;BEER & FOOD GRUPO RESTAUR;Restaurantes;RESTAURANTES (NO INCLUYE CHINO;03/09/2012;07/05/2026;6;0;6;0;0;
2866;LORCA;13;JOAQUIN GARCIA;401426035;EXCALIBUR GASTRO BAR;9567;;;Bares y Cafeter¡as;BAR Y CAFETERIA;13/04/2026;17/04/2026;1;0;1;0;0;
2866;LORCA;13;JOAQUIN GARCIA;401420493;THE CLUBHOUSE;10041;;;Bares y Cafeter¡as;BAR Y CAFETERIA;01/02/2026;02/05/2026;1;0;1;0;0;
2866;LORCA;13;JOAQUIN GARCIA;401420491;BIS G'S AMERICAN DINER;10040;;;Bares y Cafeter¡as;BAR Y CAFETERIA;01/02/2026;14/02/2026;1;0;1;0;0;
2866;LORCA;13;JOAQUIN GARCIA;401412125;IS 'BLISS DESERT ROOM';9566;000019361;HOSPITALITY WEST MURCIA;Ocio;HELADERIAS/HORCHATERIAS;01/07/2025;28/08/2025;1;0;1;0;0;
2866;LORCA;13;JOAQUIN GARCIA;401410571;DULCE SUE¥OS;9375;;;Bares y Cafeter¡as;BAR Y CAFETERIA;16/06/2025;21/08/2025;1;0;0;1;0;
2866;LORCA;13;JOAQUIN GARCIA;401407867;BOKAO BAR;10019;;;Bares y Cafeter¡as;BAR Y CAFETERIA;01/05/2025;02/04/2026;1;0;1;0;0;
2866;LORCA;16;FRANCISCO JOSE ASENSIO ;401408010;PIZZERIA VESUVIO;9690;;;Bares y Cafeter¡as;BAR Y CAFETERIA;01/05/2025;23/04/2026;1;0;1;0;0;
2866;LORCA;16;FRANCISCO JOSE ASENSIO ;401406487;CARAVANA LAS 3 HERMANAS;31998;;;Varios;VARIOS/OTROS NO CLASIFICABLES;01/05/2025;05/09/2025;2;0;2;0;0;
2866;LORCA;16;FRANCISCO JOSE ASENSIO ;401181205;BAR MEDITERRANEO;32071;;;Bares y Cafeter¡as;BAR Y CAFETERIA;30/03/2016;12/05/2026;1;1;0;0;0;
2866;LORCA;16;FRANCISCO JOSE ASENSIO ;401180827;REST. HOSTAL PROVENZAL;10025;;;Restaurantes;RESTAURANTES (NO INCLUYE CHINO;28/03/2014;19/08/2025;1;0;1;0;0;
2866;LORCA;16;FRANCISCO JOSE ASENSIO ;401180691;EST. S.EL PITA 969991U;30220;000000282;CAMPSA-REPS-PETRON-ABANDE;Conveniencia;ESTACIONES DE SERVICIO / GASOL;26/12/2012;14/03/2026;2;0;2;0;0;
2866;LORCA;16;FRANCISCO JOSE ASENSIO ;401180527;CAFE BAR REST.TIO FELIPE@;32844;;;Bares y Cafeter¡as;BAR Y CAFETERIA;16/03/2010;20/04/2026;5;1;4;0;0;
2866;LORCA;16;FRANCISCO JOSE ASENSIO ;401180518;PIZZERIA SINGAPUR I;30977;000013227;PIZZERIAS SINGAPUR@;Restaurantes;RESTAURANTES (NO INCLUYE CHINO;18/02/2010;12/05/2026;1;1;0;0;0;
2866;LORCA;16;FRANCISCO JOSE ASENSIO ;401180428;HOTEL VERA PLAYA CLUB;70066;B6505;GRUPO HOTELES PLAYA, S.L.;Hoteles y Hostales;HOTELES Y HOSTALES;10/05/2007;12/05/2026;4;1;3;0;0;
2866;LORCA;16;FRANCISCO JOSE ASENSIO ;401180423;HOTEL PLAYA ZIMBALI;70061;B6505;GRUPO HOTELES PLAYA, S.L.;Hoteles y Hostales;HOTELES Y HOSTALES;07/05/2007;01/10/2025;11;2;9;0;0;
2866;LORCA;16;FRANCISCO JOSE ASENSIO ;401296438;BAR VALERO;9551;;;Bares y Cafeter¡as;BAR Y CAFETERIA;01/07/2020;17/04/2026;1;0;1;0;0;
2866;LORCA;16;FRANCISCO JOSE ASENSIO ;401293634;E.S.BP;8860;000016996;E.S. BP ALMERIA;Conveniencia;ESTACIONES DE SERVICIO / GASOL;08/06/2020;28/03/2026;1;0;1;0;0;
2866;LORCA;16;FRANCISCO JOSE ASENSIO ;401293005;SUPER TURRE 6345;70051;B6613;COVIRAN TIENDAS;Hogar;SUPERMERCADOS CON 2 O MAS CAJA;04/06/2020;02/05/2026;1;0;1;0;0;
2866;LORCA;16;FRANCISCO JOSE ASENSIO ;401292801;KIOSCO MINIGOLF ALBATROS;31970;;;Impulso Tradicional;KIOSCO FIJO (NO PROPIEDAD NEST;01/06/2020;07/05/2026;1;0;1;0;0;
2866;LORCA;16;FRANCISCO JOSE ASENSIO ;401288743;BEACH CLUB BOCAINA;31940;;;Bares y Cafeter¡as;BAR Y CAFETERIA;09/03/2020;30/04/2026;2;0;2;0;0;
2866;LORCA;16;FRANCISCO JOSE ASENSIO ;401288638;BAR EL TIMON;31937;;;Bares y Cafeter¡as;BAR Y CAFETERIA;09/03/2020;05/05/2026;1;1;0;0;0;
2866;LORCA;16;FRANCISCO JOSE ASENSIO ;401284948;KIOSCO PAQUITA;31918;;;Impulso Tradicional;KIOSCO FIJO (NO PROPIEDAD NEST;27/01/2020;11/09/2025;2;0;2;0;0;
2866;LORCA;16;FRANCISCO JOSE ASENSIO ;401277146;RESTAURANTE EL SUIZO;9326;;;Restaurantes;RESTAURANTES (NO INCLUYE CHINO;29/07/2019;09/05/2026;1;0;1;0;0;
2866;LORCA;16;FRANCISCO JOSE ASENSIO ;401271753;ANTOS BAR;9268;;;Bares y Cafeter¡as;BAR Y CAFETERIA;27/05/2019;10/04/2026;1;0;1;0;0;
2866;LORCA;16;FRANCISCO JOSE ASENSIO ;401266330;HOTEL VALLE DEL ESTE;8491;000015244;QUANTUM ASOCIADOS;Hoteles y Hostales;HOTELES Y HOSTALES;08/04/2019;13/05/2026;6;1;5;0;0;
2866;LORCA;16;FRANCISCO JOSE ASENSIO ;401263374;SUPER VALLE DEL ESTE;8999;000015244;QUANTUM ASOCIADOS;Hogar;SUPERMERCADOS CON 2 O MAS CAJA;18/03/2019;14/04/2026;1;0;1;0;0;
2866;LORCA;16;FRANCISCO JOSE ASENSIO ;401262371;CASA DIEGO 3¦EDAD;32015;;;Bares y Cafeter¡as;BAR Y CAFETERIA;04/03/2019;24/09/2025;1;1;0;0;0;
2866;LORCA;16;FRANCISCO JOSE ASENSIO ;401239109;ESTANCO-1352 DTM;31023;;;Varios;VARIOS/OTROS NO CLASIFICABLES;09/05/2018;07/05/2026;1;0;1;0;0;
2866;LORCA;16;FRANCISCO JOSE ASENSIO ;401214272;KIOSKO VERONICA;35027;;;Impulso Tradicional;KIOSCO FIJO (NO PROPIEDAD NEST;27/07/2017;30/04/2026;1;0;1;0;0;
2866;LORCA;16;FRANCISCO JOSE ASENSIO ;401205907;RESTAURANTE MARTIN MORALE;30784;;;Restaurantes;RESTAURANTES (NO INCLUYE CHINO;08/05/2017;08/05/2026;5;0;4;1;0;
2866;LORCA;16;FRANCISCO JOSE ASENSIO ;401181278;CAFETERIA BELACIO;30521;;;Bares y Cafeter¡as;BAR Y CAFETERIA;02/06/2016;06/08/2024;1;0;1;0;0;
2866;LORCA;16;FRANCISCO JOSE ASENSIO ;401181258;REST. EL BARQUERO;31029;000015177;EL BARQUERO;Restaurantes;RESTAURANTES (NO INCLUYE CHINO;09/05/2016;05/05/2026;1;1;0;0;0;
2866;LORCA;16;FRANCISCO JOSE ASENSIO ;401181242;CAF.BAR PURAVIDA;30493;;;Bares y Cafeter¡as;BAR Y CAFETERIA;24/04/2016;31/08/2021;2;0;2;0;0;
2866;LORCA;16;FRANCISCO JOSE ASENSIO ;401406119;SUPERMERCADO TOMASA;9688;;;Hogar;SUPERMERCADOS CON 2 O MAS CAJA;01/05/2025;03/07/2025;1;0;1;0;0;
2866;LORCA;16;FRANCISCO JOSE ASENSIO ;401405106;TIENDA MONICA;9687;;;Conveniencia;TIENDA DE ALIMENTACION ETNICA ;01/04/2025;30/04/2026;1;0;1;0;0;
2866;LORCA;16;FRANCISCO JOSE ASENSIO ;401403767;FABRICA DE LOS GENOVESES;32836;000019112;TORRES Y GONZALEZ DIAZ;Bares y Cafeter¡as;BAR Y CAFETERIA;01/04/2025;08/08/2025;2;0;2;0;0;
2866;LORCA;16;FRANCISCO JOSE ASENSIO ;401403763;HOTEL CORTIJO EL SOTILLO;32835;000019112;TORRES Y GONZALEZ DIAZ;Hoteles y Hostales;HOTELES Y HOSTALES;01/04/2025;06/06/2025;1;0;1;0;0;
2866;LORCA;16;FRANCISCO JOSE ASENSIO ;401403760;HOTEL DO¥A PAKITA;32834;000019112;TORRES Y GONZALEZ DIAZ;Hoteles y Hostales;HOTELES Y HOSTALES;01/04/2025;22/08/2025;1;0;1;0;0;
2866;LORCA;16;FRANCISCO JOSE ASENSIO ;401403747;CHIRINGUITO MANACA;9684;000019111;MANACA GOURMET;Ocio;CHIRINGUITOS DE PLAYA/MERENDER;01/04/2025;26/09/2025;2;0;2;0;0;
2866;LORCA;16;FRANCISCO JOSE ASENSIO ;401403070;RESTAURANTE RUBIO;32827;;;Restaurantes;RESTAURANTES (NO INCLUYE CHINO;01/04/2025;09/05/2026;2;0;2;0;0;
2866;LORCA;16;FRANCISCO JOSE ASENSIO ;401400151;KIOSCO LA ISLETA;32768;;;Impulso Tradicional;KIOSCO FIJO (NO PROPIEDAD NEST;01/02/2025;28/04/2026;2;0;2;0;0;
2866;LORCA;16;FRANCISCO JOSE ASENSIO ;401399248;RESTAURANTE LAS MARINAS;9620;000019111;MANACA GOURMET;Restaurantes;RESTAURANTES (NO INCLUYE CHINO;01/01/2025;30/04/2026;2;1;1;0;0;
2866;LORCA;16;FRANCISCO JOSE ASENSIO ;401395236;CAFETERIA ANLU;5788;;;Bares y Cafeter¡as;BAR Y CAFETERIA;01/12/2024;09/04/2025;1;0;1;0;0;
2866;LORCA;16;FRANCISCO JOSE ASENSIO ;401391407;ALIMENTACION REQUENA;32904;;;Conveniencia;TIENDA DE ALIMENTACION ETNICA ;01/08/2024;24/03/2026;1;0;1;0;0;
2866;LORCA;16;FRANCISCO JOSE ASENSIO ;401389699;PIZZERIA DJANGO;8428;;;Restaurantes;RESTAURANTES (NO INCLUYE CHINO;01/07/2024;27/03/2026;1;0;1;0;0;
2866;LORCA;16;FRANCISCO JOSE ASENSIO ;401389309;CAMPING PALOMARES TAIGA;10022;;;Ocio;CAMPING/PISCINAS/POLIDEPORTIVO;01/07/2024;08/10/2025;2;0;2;0;0;
2866;LORCA;16;FRANCISCO JOSE ASENSIO ;401388755;KIOSCO SAN JOSE;32729;;;Ocio;CHIRINGUITOS DE PLAYA/MERENDER;01/06/2024;02/05/2026;3;0;2;1;0;
2866;LORCA;16;FRANCISCO JOSE ASENSIO ;401385619;CAFETERIA ALAMEDA;8580;;;Bares y Cafeter¡as;BAR Y CAFETERIA;01/05/2024;13/05/2026;2;0;1;1;0;
2866;LORCA;16;FRANCISCO JOSE ASENSIO ;401383858;KIOSCO LA FABRIQUILLA;39107;;;Ocio;CHIRINGUITOS DE PLAYA/MERENDER;01/05/2024;22/08/2025;6;0;6;0;0;
2866;LORCA;16;FRANCISCO JOSE ASENSIO ;401378577;RTE.RINCON DEL ZAHON;8575;;;Restaurantes;RESTAURANTES (NO INCLUYE CHINO;01/03/2024;20/03/2026;2;0;2;0;0;
2866;LORCA;16;FRANCISCO JOSE ASENSIO ;401378287;SHELL TURRE;8574;000000734;SHELL PENINSULA ABANDERAD;Conveniencia;ESTACIONES DE SERVICIO / GASOL;01/03/2024;09/05/2026;1;0;1;0;0;
2866;LORCA;16;FRANCISCO JOSE ASENSIO ;401374789;EXPENDEDURIA SAN JOSE;30573;;;Varios;VARIOS/OTROS NO CLASIFICABLES;01/01/2024;05/05/2026;2;0;2;0;0;
2866;LORCA;16;FRANCISCO JOSE ASENSIO ;401362739;CHURRERIA RINCON DE MARIA;8399;;;Varios;VARIOS/OTROS NO CLASIFICABLES;01/07/2023;25/03/2026;2;0;2;0;0;
2866;LORCA;16;FRANCISCO JOSE ASENSIO ;401361374;RESTAURANTE LA PITA;32401;;;Restaurantes;RESTAURANTES (NO INCLUYE CHINO;01/06/2023;12/05/2026;1;1;0;0;0;
2866;LORCA;16;FRANCISCO JOSE ASENSIO ;401359151;SUPERMERCADO ARRECIFE;32616;;;Hogar;SUPERMERCADOS CON 2 O MAS CAJA;05/06/2023;28/04/2026;1;0;1;0;0;
2866;LORCA;16;FRANCISCO JOSE ASENSIO ;401356891;TAPERIA EL ESCANDALO;8396;;;Bares y Cafeter¡as;BAR Y CAFETERIA;01/05/2023;07/05/2026;1;1;0;0;0;
2866;LORCA;16;FRANCISCO JOSE ASENSIO ;401356038;RTE. HOSTAL LA ISLETA;32572;;;Restaurantes;RESTAURANTES (NO INCLUYE CHINO;01/05/2023;28/04/2026;1;0;1;0;0;
2866;LORCA;16;FRANCISCO JOSE ASENSIO ;401352595;SUPERMERCADO LAS NEGRAS;32757;000017532;CAI LIPING;Conveniencia;TIENDA DE ALIMENTACION ETNICA ;01/03/2023;07/04/2026;1;0;1;0;0;
2866;LORCA;16;FRANCISCO JOSE ASENSIO ;401352188;CHIRINGUITO EL PLAYAZO;8341;;;Ocio;CHIRINGUITOS DE PLAYA/MERENDER;01/03/2023;28/03/2026;1;1;0;0;0;
2866;LORCA;16;FRANCISCO JOSE ASENSIO ;401350702;VENTA DEL POBRE;40687;;;Restaurantes;RESTAURANTES (NO INCLUYE CHINO;01/03/2023;12/05/2026;2;0;2;0;0;
2866;LORCA;16;FRANCISCO JOSE ASENSIO ;401350698;BAR RESTAURANTE LA HOYA;30736;;;Bares y Cafeter¡as;BAR Y CAFETERIA;01/03/2023;07/05/2026;1;0;1;0;0;
2866;LORCA;16;FRANCISCO JOSE ASENSIO ;401349648;PIZZERIA MEMOLI;8218;;;Bares y Cafeter¡as;BAR Y CAFETERIA;01/03/2023;24/04/2026;1;0;1;0;0;
2866;LORCA;16;FRANCISCO JOSE ASENSIO ;401337927;BAR SOPALMO;8901;;;Bares y Cafeter¡as;BAR Y CAFETERIA;01/07/2022;23/04/2026;1;0;1;0;0;
2866;LORCA;16;FRANCISCO JOSE ASENSIO ;401328341;HELADERIA VERA PLAYA;7824;;;Ocio;HELADERIAS/HORCHATERIAS;24/03/2022;29/04/2026;4;0;3;1;0;
2866;LORCA;16;FRANCISCO JOSE ASENSIO ;401327095;HELADERIA ICE-CREAM PARLO;6884;;;Ocio;HELADERIAS/HORCHATERIAS;01/03/2022;12/05/2026;4;0;2;2;0;
2866;LORCA;16;FRANCISCO JOSE ASENSIO ;401324821;KOKOS;9686;;;Bares y Cafeter¡as;BAR Y CAFETERIA;01/01/2022;28/05/2025;1;0;1;0;0;
2866;LORCA;16;FRANCISCO JOSE ASENSIO ;401317758;SUPER CABO DE GATA;30707;;;Hogar;SUPERMERCADOS CON 2 O MAS CAJA;01/07/2021;24/03/2026;1;0;1;0;0;
2866;LORCA;16;FRANCISCO JOSE ASENSIO ;401313354;CHIRINGUITO EL CHUMBO;9596;;;Ocio;CHIRINGUITOS DE PLAYA/MERENDER;24/05/2021;28/04/2026;3;1;2;0;0;
2866;LORCA;16;FRANCISCO JOSE ASENSIO ;401309099;BAZAR DRAGON;32222;;;Bares y Cafeter¡as;BAR Y CAFETERIA;01/04/2021;26/03/2026;1;0;1;0;0;
2866;LORCA;16;FRANCISCO JOSE ASENSIO ;401307740;CHIRINGUITO CHIRIBUS;32255;;;Ocio;CHIRINGUITOS DE PLAYA/MERENDER;22/03/2021;05/05/2026;5;2;3;0;0;
2866;LORCA;16;FRANCISCO JOSE ASENSIO ;401307730;BAR HELADERIA MIRADOR;32096;;;Bares y Cafeter¡as;BAR Y CAFETERIA;19/03/2021;30/04/2026;4;0;2;2;0;
2866;LORCA;16;FRANCISCO JOSE ASENSIO ;401305746;RINCON DEL PUERTO;6539;;;Restaurantes;RESTAURANTES (NO INCLUYE CHINO;24/02/2021;08/05/2026;3;2;1;0;0;
2866;LORCA;16;FRANCISCO JOSE ASENSIO ;401180413;BAR CENTRO DE ARTESANIA;31872;;;Bares y Cafeter¡as;BAR Y CAFETERIA;13/04/2007;09/04/2026;1;0;1;0;0;
2866;LORCA;16;FRANCISCO JOSE ASENSIO ;401180405;CARNICERIA PEPE;30045;;;Conveniencia;PASTELERIAS/PANADERIAS/FRUTERI;27/03/2007;05/08/2025;1;0;1;0;0;
2866;LORCA;16;FRANCISCO JOSE ASENSIO ;401180402;REST. MESON EL 21;30042;000017548;E.S.EL 21;Restaurantes;RESTAURANTES (NO INCLUYE CHINO;27/03/2007;12/05/2026;3;2;1;0;0;
2866;LORCA;16;FRANCISCO JOSE ASENSIO ;401180391;REST. PALACIO IMPERIAL;9471;;;Restaurantes;RESTAURANTES CHINOS;20/12/2006;07/05/2026;1;1;0;0;0;
2866;LORCA;16;FRANCISCO JOSE ASENSIO ;401180390;H.REST. BELLAVISTA;7924;;;Restaurantes;RESTAURANTES (NO INCLUYE CHINO;13/12/2006;07/05/2026;2;0;2;0;0;
2866;LORCA;16;FRANCISCO JOSE ASENSIO ;401180387;BAR JUAN MARIANO;30030;;;Restaurantes;RESTAURANTES (NO INCLUYE CHINO;05/12/2006;07/05/2026;2;2;0;0;0;
2866;LORCA;16;FRANCISCO JOSE ASENSIO ;401180206;REST.CASA SEBASTIAN;30562;;;Restaurantes;RESTAURANTES (NO INCLUYE CHINO;01/12/1997;24/09/2025;3;1;2;0;0;
2866;LORCA;16;FRANCISCO JOSE ASENSIO ;401133481;RTE. YAHO ALTA;7488;;;Restaurantes;RESTAURANTES (NO INCLUYE CHINO;22/06/2015;08/05/2026;3;1;2;0;0;
2866;LORCA;16;FRANCISCO JOSE ASENSIO ;401094660;CAFETERIA MOYA;6978;;;Bares y Cafeter¡as;BAR Y CAFETERIA;18/08/2014;13/05/2026;2;0;2;0;0;
2866;LORCA;16;FRANCISCO JOSE ASENSIO ;401080178;CAFETERIA VAN GOGM;6296;;;Bares y Cafeter¡as;BAR Y CAFETERIA;09/04/2014;08/05/2026;1;0;1;0;0;
2866;LORCA;16;FRANCISCO JOSE ASENSIO ;401077211;A TODA VELA;7849;000014312;BORRAS RESTAURACION;Restaurantes;RESTAURANTES (NO INCLUYE CHINO;20/03/2014;27/03/2026;1;0;1;0;0;
2866;LORCA;16;FRANCISCO JOSE ASENSIO ;401031376;MINIMARKET VENTA ALFAIX;10178;;;Conveniencia;PASTELERIAS/PANADERIAS/FRUTERI;12/06/2010;09/05/2026;1;0;1;0;0;
2866;LORCA;16;FRANCISCO JOSE ASENSIO ;401031373;CAFETERIA JULIO MENFIS;3511;;;Bares y Cafeter¡as;BAR Y CAFETERIA;23/03/2007;09/05/2026;1;0;1;0;0;
2866;LORCA;16;FRANCISCO JOSE ASENSIO ;401031369;REST. MIRAMAR;6662;;;Restaurantes;RESTAURANTES (NO INCLUYE CHINO;05/12/2006;09/05/2026;2;1;1;0;0;
2866;LORCA;16;FRANCISCO JOSE ASENSIO ;401025954;SHELL ANTAS;3537;000000734;SHELL PENINSULA ABANDERAD;Conveniencia;ESTACIONES DE SERVICIO / GASOL;21/02/2013;13/05/2026;1;0;1;0;0;
2866;LORCA;16;FRANCISCO JOSE ASENSIO ;400954883;APARTHOTEL ADVISE REINA;1387;;;Hoteles y Hostales;HOTELES Y HOSTALES;05/04/2011;12/05/2026;9;0;9;0;0;
2866;LORCA;16;FRANCISCO JOSE ASENSIO ;400925039;CAFE PUB LA COLONIAL;4581;;;Bares y Cafeter¡as;BAR Y CAFETERIA;12/05/2010;08/05/2026;1;0;1;0;0;
2866;LORCA;16;FRANCISCO JOSE ASENSIO ;400828470;RESTAURANTE EL PEREJIL;9041;;;Restaurantes;RESTAURANTES (NO INCLUYE CHINO;27/02/2009;13/05/2026;4;1;3;0;0;
2866;LORCA;16;FRANCISCO JOSE ASENSIO ;400821451;KIOSCO LUPE;4096;;;Impulso Tradicional;KIOSCO FIJO (NO PROPIEDAD NEST;19/12/2008;13/05/2026;5;0;5;0;0;
2866;LORCA;16;FRANCISCO JOSE ASENSIO ;400821423;KARTING GARRUCHA;8446;;;Bares y Cafeter¡as;BAR Y CAFETERIA;19/12/2008;28/03/2026;1;0;1;0;0;
2866;LORCA;16;FRANCISCO JOSE ASENSIO ;400821375;BAR EL POSITO;4016;;;Bares y Cafeter¡as;BAR Y CAFETERIA;19/12/2008;09/05/2026;1;0;1;0;0;
2866;LORCA;16;FRANCISCO JOSE ASENSIO ;400789750;CHIRINGUITO MACENAS PLAYA;8576;;;Ocio;CHIRINGUITOS DE PLAYA/MERENDER;04/03/2008;30/04/2026;3;0;3;0;0;
2866;LORCA;16;FRANCISCO JOSE ASENSIO ;866016345;RESTAURANTE POSADA REAL;6345;;;Restaurantes;RESTAURANTES (NO INCLUYE CHINO;12/12/2006;28/08/2025;3;0;2;1;0;
2866;LORCA;16;FRANCISCO JOSE ASENSIO ;866016344;RESTAURANTE B2;6344;000004185;ACONCAGUA SERVICIOS;Restaurantes;RESTAURANTES (NO INCLUYE CHINO;12/12/2006;08/05/2026;6;0;5;1;0;
2866;LORCA;16;FRANCISCO JOSE ASENSIO ;866016343;KIOSCO COTA ZERO;4102;;;Casetas NESTLE;CASETA/KIOSCO NESTLE (PROPIEDA;12/12/2006;01/04/2026;1;0;1;0;0;
2866;LORCA;16;FRANCISCO JOSE ASENSIO ;866016337;BAR EL GATO;6337;;;Bares y Cafeter¡as;BAR Y CAFETERIA;12/12/2006;08/05/2026;1;0;1;0;0;
2866;LORCA;16;FRANCISCO JOSE ASENSIO ;866016307;RESTAURANTE DON TADEO;6307;;;Restaurantes;RESTAURANTES (NO INCLUYE CHINO;28/11/2006;28/04/2026;1;1;0;0;0;
2866;LORCA;16;FRANCISCO JOSE ASENSIO ;866016306;HOSTAL LA PARRA;6306;;;Hoteles y Hostales;HOTELES Y HOSTALES;28/11/2006;13/05/2026;4;2;2;0;0;
2866;LORCA;16;FRANCISCO JOSE ASENSIO ;866016304;BAR 4 VIENTOS;6304;;;Restaurantes;RESTAURANTES (NO INCLUYE CHINO;28/11/2006;25/03/2026;3;0;3;0;0;
2866;LORCA;93;MARI CARMEN PREVENTA;401264310;HOTEL DON JUAN;8424;B6505;GRUPO HOTELES PLAYA, S.L.;Hoteles y Hostales;HOTELES Y HOSTALES;25/03/2019;02/05/2026;6;1;5;0;0;
2866;LORCA;93;MARI CARMEN PREVENTA;401241726;DUMBO-LORCA;70026;B7065;CASH EUROPA;Hogar;SUPERMERCADOS CON 2 O MAS CAJA;30/05/2018;26/08/2025;1;0;1;0;0;
2866;LORCA;93;MARI CARMEN PREVENTA;401240213;HOTEL BEST MOJACAR***;39500;B6835;BEST HOTELES;Hoteles y Hostales;HOTELES Y HOSTALES;01/05/2018;25/09/2025;11;0;11;0;0;
2866;LORCA;93;MARI CARMEN PREVENTA;401236803;HOTEL CABOGATA JARDIN;30999;B8004;VALNEST HOTELS SL;Hoteles y Hostales;HOTELES Y HOSTALES;19/04/2018;12/05/2026;7;0;6;1;0;
2866;LORCA;93;MARI CARMEN PREVENTA;401236800;HOTEL CABO GATA BEACH;30998;B8004;VALNEST HOTELS SL;Hoteles y Hostales;HOTELES Y HOSTALES;19/04/2018;12/05/2026;3;0;2;1;0;
2866;LORCA;93;MARI CARMEN PREVENTA;401236585;HOTEL BEST ROQUETAS;30995;B6835;BEST HOTELES;Hoteles y Hostales;HOTELES Y HOSTALES;17/04/2018;12/05/2026;9;0;9;0;0;
2866;LORCA;93;MARI CARMEN PREVENTA;401236320;HOTEL MOJACAR PLAYA ACUAP;30993;B6505;GRUPO HOTELES PLAYA, S.L.;Hoteles y Hostales;HOTELES Y HOSTALES;16/04/2018;17/09/2025;9;2;7;0;0;
2866;LORCA;93;MARI CARMEN PREVENTA;401233750;HOTEL PUEBLO INDALO;30963;B6835;BEST HOTELES;Hoteles y Hostales;HOTELES Y HOSTALES;19/03/2018;12/05/2026;14;1;13;0;0;
2866;LORCA;93;MARI CARMEN PREVENTA;401232746;CUEVAS DE SORBAS;30955;;;Bares y Cafeter¡as;BAR Y CAFETERIA;08/03/2018;23/04/2026;3;1;2;0;0;
2866;LORCA;93;MARI CARMEN PREVENTA;401232723;HOTEL BEST SABINAL;39231;B6835;BEST HOTELES;Hoteles y Hostales;HOTELES Y HOSTALES;08/03/2018;12/05/2026;11;2;9;0;0;
2866;LORCA;93;MARI CARMEN PREVENTA;401231343;FRUTAS V;32070;;;Varios;VARIOS/OTROS NO CLASIFICABLES;19/02/2018;25/04/2026;1;0;1;0;0;
2866;LORCA;93;MARI CARMEN PREVENTA;401231085;HOTEL INDALO****;30899;B6835;BEST HOTELES;Hoteles y Hostales;HOTELES Y HOSTALES;12/02/2018;12/05/2026;9;4;5;0;0;
2866;LORCA;93;MARI CARMEN PREVENTA;401180398;BAR BLANCO;30040;;;Bares y Cafeter¡as;BAR Y CAFETERIA;20/03/2007;16/04/2026;2;0;2;0;0;
2866;LORCA;93;MARI CARMEN PREVENTA;401180396;TABERNA EL PUENTE;30038;;;Bares y Cafeter¡as;BAR Y CAFETERIA;15/03/2007;07/05/2026;2;0;2;0;0;
2866;LORCA;93;MARI CARMEN PREVENTA;401180315;BAR EL PILAR (HELADO);31797;;;Bares y Cafeter¡as;BAR Y CAFETERIA;23/04/2002;07/05/2026;2;0;2;0;0;
2866;LORCA;93;MARI CARMEN PREVENTA;401180285;BP ESTACION DE SERVICIO;32435;000016996;E.S. BP ALMERIA;Conveniencia;ESTACIONES DE SERVICIO / GASOL;23/06/2004;26/03/2026;1;0;1;0;0;
2866;LORCA;93;MARI CARMEN PREVENTA;401180251;REST. HUA DU;30598;;;Restaurantes;RESTAURANTES CHINOS;01/01/2004;08/05/2026;1;0;1;0;0;
2866;LORCA;93;MARI CARMEN PREVENTA;401180224;KARTING ROQUETAS;30160;;;Ocio;PARQUE DE ATRACCIONES/PARQUES ;10/06/1999;11/05/2026;1;0;1;0;0;
2866;LORCA;93;MARI CARMEN PREVENTA;866016020;E.S. EL SALTADOR;6020;;;Conveniencia;ESTACIONES DE SERVICIO / GASOL;09/03/2004;07/05/2026;1;0;1;0;0;
2866;LORCA;93;MARI CARMEN PREVENTA;401427364;CAFETERIA HOSPITAL PONIEN;39572;B6330;ARAMARK CAPILAR;Bares y Cafeter¡as;BAR Y CAFETERIA;29/04/2026;12/05/2026;2;0;2;0;0;
2866;LORCA;93;MARI CARMEN PREVENTA;401426280;CAFE ODREAMS;32915;000019555;O DREAMS;Bares y Cafeter¡as;BAR Y CAFETERIA;01/04/2026;25/04/2026;1;0;0;1;0;
2866;LORCA;93;MARI CARMEN PREVENTA;401423190;ALEGRIA PALACIO MOJACAR**;39567;B8060; ALEGRIA HOTELS;Hoteles y Hostales;HOTELES Y HOSTALES;17/03/2026;07/05/2026;6;1;5;0;0;
2866;LORCA;93;MARI CARMEN PREVENTA;401423188;ALEGRIA FENIX FAMILY;39566;B8060; ALEGRIA HOTELS;Hoteles y Hostales;HOTELES Y HOSTALES;17/03/2026;09/05/2026;3;1;2;0;0;
2866;LORCA;93;MARI CARMEN PREVENTA;401423187;ALEGRIA COLONIAL****;39564;B8060; ALEGRIA HOTELS;Hoteles y Hostales;HOTELES Y HOSTALES;17/03/2026;12/05/2026;6;0;6;0;0;
2866;LORCA;93;MARI CARMEN PREVENTA;401423185;ALEGRIA CABO DE GATA****;39563;B8060; ALEGRIA HOTELS;Hoteles y Hostales;HOTELES Y HOSTALES;17/03/2026;06/05/2026;3;2;1;0;0;
2866;LORCA;93;MARI CARMEN PREVENTA;401419178;H49 ALUA GOLF TRINIDAD;39561;B8099;HOTELES HYATT;Hoteles y Hostales;HOTELES Y HOSTALES;09/01/2026;12/05/2026;6;2;4;0;0;
2866;LORCA;93;MARI CARMEN PREVENTA;401415608;E.S.PRIBAYO 33722;70086;B8006;FRANQUICIADAS STOP&GO;Conveniencia;ESTACIONES DE SERVICIO / GASOL;31/10/2025;06/11/2025;1;0;1;0;0;
2866;LORCA;93;MARI CARMEN PREVENTA;401406474;8794 EROSKI AGUILAS;70084;B8055;Eroski-Caprabo CST;Hogar;SUPERMERCADOS CON 2 O MAS CAJA;01/05/2025;06/05/2026;1;0;1;0;0;
2866;LORCA;93;MARI CARMEN PREVENTA;401404369;CARREFOUR DE MOJACAR;9673;;;Conveniencia;TIENDA DE ALIMENTACION ETNICA ;01/04/2025;12/05/2026;1;0;1;0;0;
2866;LORCA;93;MARI CARMEN PREVENTA;401374502;E.S. N§12144 REPSOL;70076;B6345;LOGISTA SA;Conveniencia;ESTACIONES DE SERVICIO / GASOL;08/01/2024;28/08/2025;1;0;1;0;0;
2866;LORCA;93;MARI CARMEN PREVENTA;401367714;E.S.REPSOL;32127;;;Conveniencia;ESTACIONES DE SERVICIO / GASOL;01/12/2023;07/05/2026;2;0;2;0;0;
2866;LORCA;10;EDGAR WIDRIDO GRANDA;401421534;ASADERO CIUDAD JARDIN;9149;;;Conveniencia;COMIDA PREPARADA/ASADORES DE P;23/02/2026;29/04/2026;1;0;1;0;0;
2866;LORCA;10;EDGAR WIDRIDO GRANDA;401421526;DON MARKET AGUILAS;7600;;;Varios;VARIOS/OTROS NO CLASIFICABLES;23/02/2026;26/02/2026;1;0;1;0;0;
2866;LORCA;10;EDGAR WIDRIDO GRANDA;401421220;CARNICERIA HALAL;9547;;;Varios;VARIOS/OTROS NO CLASIFICABLES;16/02/2026;07/04/2026;1;0;1;0;0;
2866;LORCA;10;EDGAR WIDRIDO GRANDA;401394772;HOTEL RISCAL;4168;000015244;QUANTUM ASOCIADOS;Hoteles y Hostales;HOTELES Y HOSTALES;01/12/2024;03/10/2025;2;2;0;0;0;
2866;LORCA;10;EDGAR WIDRIDO GRANDA;401384952;RESTARUANTE EL PASO;8554;;;Bares y Cafeter¡as;BAR Y CAFETERIA;01/05/2024;13/08/2025;1;0;1;0;0;
2866;LORCA;10;EDGAR WIDRIDO GRANDA;401378010;SUPERMERCADO ENNACIRI;8364;;;Hogar;SUPERMERCADOS CON 2 O MAS CAJA;01/03/2024;04/04/2025;1;0;1;0;0;
2866;LORCA;10;EDGAR WIDRIDO GRANDA;401377017;CARNICERIA AL ANDALUS;8423;;;Varios;VARIOS/OTROS NO CLASIFICABLES;31/01/2024;03/03/2026;1;0;1;0;0;
2866;LORCA;10;EDGAR WIDRIDO GRANDA;401351611;MESON EL SUR;8600;;;Restaurantes;RESTAURANTES (NO INCLUYE CHINO;01/03/2023;18/03/2026;1;0;1;0;0;
2866;LORCA;10;EDGAR WIDRIDO GRANDA;401351056;CARNICERIA FRUTERIA HALAL;8692;;;Varios;VARIOS/OTROS NO CLASIFICABLES;01/03/2023;13/05/2026;1;0;1;0;0;
2866;LORCA;10;EDGAR WIDRIDO GRANDA;401332867;BAR EL PALILLON;6612;;;Bares y Cafeter¡as;BAR Y CAFETERIA;02/05/2022;08/04/2026;1;0;1;0;0;
2866;LORCA;10;EDGAR WIDRIDO GRANDA;401421033;BAR COLOMBO;10375;;;Bares y Cafeter¡as;BAR Y CAFETERIA;09/02/2026;17/04/2026;1;0;1;0;0;
2866;LORCA;10;EDGAR WIDRIDO GRANDA;401421030;FUTERIA JUAN Y LOLI;8302;;;Varios;VARIOS/OTROS NO CLASIFICABLES;09/02/2026;28/04/2026;1;0;1;0;0;
2866;LORCA;10;EDGAR WIDRIDO GRANDA;401414449;BAR RTE.EL NUEVO MARIN;9548;;;Bares y Cafeter¡as;BAR Y CAFETERIA;01/10/2025;13/05/2026;1;0;1;0;0;
2866;LORCA;10;EDGAR WIDRIDO GRANDA;401414366;BOGATA PIZZERIA;9044;;;Bares y Cafeter¡as;BAR Y CAFETERIA;01/10/2025;;1;0;1;0;0;
2866;LORCA;10;EDGAR WIDRIDO GRANDA;401410707;EL ENCUENTRO TIPICO;10030;;;Restaurantes;RESTAURANTES (NO INCLUYE CHINO;16/06/2025;24/04/2026;1;0;1;0;0;
2866;LORCA;10;EDGAR WIDRIDO GRANDA;401408784;COPISTERIA SOLA;9546;;;Varios;VARIOS/OTROS NO CLASIFICABLES;01/06/2025;17/04/2026;1;0;1;0;0;
2866;LORCA;10;EDGAR WIDRIDO GRANDA;401407595;ALEA 2 BAR;10018;;;Bares y Cafeter¡as;BAR Y CAFETERIA;01/05/2025;12/05/2026;1;0;1;0;0;
2866;LORCA;10;EDGAR WIDRIDO GRANDA;401407498;BAZAR ZAAIM;10017;;;Conveniencia;BAZARES/SUVENIRES/TODO A 1_;01/05/2025;25/07/2025;1;0;1;0;0;
2866;LORCA;10;EDGAR WIDRIDO GRANDA;401406921;LA DOI PASI;10015;;;Bares y Cafeter¡as;BAR Y CAFETERIA;01/05/2025;21/04/2026;1;0;1;0;0;
2866;LORCA;10;EDGAR WIDRIDO GRANDA;401406268;CARNICERIA HALAL PTO.LUMB;9544;;;Varios;VARIOS/OTROS NO CLASIFICABLES;01/05/2025;16/09/2025;1;0;1;0;0;
2866;LORCA;10;EDGAR WIDRIDO GRANDA;401406265;RESTAURANTE LA GASOLINERA;9625;;;Restaurantes;RESTAURANTES (NO INCLUYE CHINO;01/05/2025;24/10/2025;1;0;1;0;0;
2866;LORCA;10;EDGAR WIDRIDO GRANDA;401406082;MAT MARKET;9674;;;Conveniencia;TIENDA DE ALIMENTACION ETNICA ;01/05/2025;25/02/2026;1;0;1;0;0;
2866;LORCA;10;EDGAR WIDRIDO GRANDA;401405233;DONER KEBAB;18958;;;Bares y Cafeter¡as;BAR Y CAFETERIA;01/04/2025;13/05/2026;2;0;2;0;0;
2866;LORCA;10;EDGAR WIDRIDO GRANDA;401403957;ARTESANOS DE PULPI;6063;;;Bares y Cafeter¡as;BAR Y CAFETERIA;01/04/2025;09/04/2025;1;0;1;0;0;
2866;LORCA;10;EDGAR WIDRIDO GRANDA;401403777;GUIRRETE;18097;;;Restaurantes;RESTAURANTES (NO INCLUYE CHINO;01/04/2025;12/05/2026;1;0;1;0;0;
2866;LORCA;10;EDGAR WIDRIDO GRANDA;401401979;SUPERMERCADO EURO ECUADOR;9614;;;Hogar;SUPERMERCADOS CON 2 O MAS CAJA;01/03/2025;17/02/2026;1;0;1;0;0;
2866;LORCA;10;EDGAR WIDRIDO GRANDA;401401745;BAR PUEBLO VALLUNO;9628;;;Bares y Cafeter¡as;BAR Y CAFETERIA;01/03/2025;22/04/2026;1;0;1;0;0;
2866;LORCA;10;EDGAR WIDRIDO GRANDA;401400128;RESTAURANTE AVENIDA;6096;;;Restaurantes;RESTAURANTES (NO INCLUYE CHINO;01/02/2025;13/05/2026;1;0;1;0;0;
2866;LORCA;10;EDGAR WIDRIDO GRANDA;866016010;REST.MEDITERRANEO;7521;8660187;DAWEY;Restaurantes;RESTAURANTES CHINOS;03/03/2004;18/04/2026;4;1;3;0;0;
2866;LORCA;10;EDGAR WIDRIDO GRANDA;401426033;CARNICERIA RITAJE;6179;;;Varios;VARIOS/OTROS NO CLASIFICABLES;13/04/2026;17/04/2026;1;0;1;0;0;
2866;LORCA;10;EDGAR WIDRIDO GRANDA;401425340;CARNICERIA SAID;9038;;;Varios;VARIOS/OTROS NO CLASIFICABLES;10/04/2026;13/05/2026;1;0;1;0;0;
2866;LORCA;10;EDGAR WIDRIDO GRANDA;401424482;SUPER SANDI;54;;;Hogar;SUPERMERCADOS CON 2 O MAS CAJA;23/03/2026;15/04/2026;1;0;1;0;0;
2866;LORCA;10;EDGAR WIDRIDO GRANDA;401424005;CARNICERIA H.OVERA;8989;;;Varios;VARIOS/OTROS NO CLASIFICABLES;23/03/2026;25/03/2026;1;0;1;0;0;
